$id,$type,BattingFirstTeamId,BowlingFirstTeamId,FirstInningsOvers,SecondInningsOvers,PitchCondition,Id,TimeStamp,BattingTeamId,BowlingTeamId,StrikerId,NonStrikerId,BowlerId,KeeperId,NewBowlerId,BatsmanId,NewBatsmanId,NewFielderId,NewKeeperId
343432473,live_scoring_core.events.outdoor_cricket.GameSetUp,18132,9013,20,20,3,f48c05ab-a796-4ead-a14c-2689b640162d,2021-02-25T06:47:33,NA,NA,NA,NA,NA,NA,NA,NA,NA,NA,NA
177918280,live_scoring_core.events.outdoor_cricket.InningsStarted,NA,NA,NA,NA,NA,19e76e5b-5b3c-44b5-a02c-af0dee11967c,2021-02-25T06:47:50,18132,9013,239859,125735,78000,238804,NA,NA,NA,NA,NA
939072449,live_scoring_core.events.outdoor_cricket.BallBowled,NA,NA,NA,NA,NA,6cfb08fd-fd34-4567-b061-1ab337bbcab1,2021-02-25T06:48:59,NA,NA,NA,NA,NA,NA,NA,NA,NA,NA,NA
140398630,live_scoring_core.events.outdoor_cricket.BallBowled,NA,NA,NA,NA,NA,9bb2cd19-9c90-4768-8312-ed59517d5c04,2021-02-25T06:49:13,NA,NA,NA,NA,NA,NA,NA,NA,NA,NA,NA
892266235,live_scoring_core.events.outdoor_cricket.BallBowled,NA,NA,NA,NA,NA,a584d590-6b06-491e-9054-74421dd3d373,2021-02-25T06:49:34,NA,NA,NA,NA,NA,NA,NA,NA,NA,NA,NA
948060528,live_scoring_core.events.outdoor_cricket.BallBowled,NA,NA,NA,NA,NA,07fd1442-7255-4a55-9b9c-f1dee164ca4e,2021-02-25T06:49:50,NA,NA,NA,NA,NA,NA,NA,NA,NA,NA,NA
311396997,live_scoring_core.events.outdoor_cricket.BallBowled,NA,NA,NA,NA,NA,694b55f6-65b1-4b32-acb0-8787871fa02d,2021-02-25T06:50:15,NA,NA,NA,NA,NA,NA,NA,NA,NA,NA,NA
4635512,live_scoring_core.events.outdoor_cricket.BallBowled,NA,NA,NA,NA,NA,0cc75034-dae9-4ec5-b189-571bf80b90ca,2021-02-25T06:50:44,NA,NA,NA,NA,NA,NA,NA,NA,NA,NA,NA
1047736808,live_scoring_core.events.outdoor_cricket.NewOverStarted,NA,NA,NA,NA,NA,8e67ec11-151d-4e61-bdde-c20923272c7c,2021-02-25T06:50:52,NA,NA,NA,NA,223613,NA,NA,NA,NA,NA,NA
1006558273,live_scoring_core.events.outdoor_cricket.BallBowled,NA,NA,NA,NA,NA,559642d0-6b00-4570-96ec-4ee8f23de332,2021-02-25T06:51:34,NA,NA,NA,NA,NA,NA,NA,NA,NA,NA,NA
518177154,live_scoring_core.events.outdoor_cricket.BallBowled,NA,NA,NA,NA,NA,cc6867c7-22a9-467d-9060-8420c83d79f4,2021-02-25T06:51:53,NA,NA,NA,NA,NA,NA,NA,NA,NA,NA,NA
520820881,live_scoring_core.events.outdoor_cricket.BallBowled,NA,NA,NA,NA,NA,96ef6a96-cd87-4893-b58b-7eb61346deca,2021-02-25T06:52:19,NA,NA,NA,NA,NA,NA,NA,NA,NA,NA,NA
802487032,live_scoring_core.events.outdoor_cricket.BallBowled,NA,NA,NA,NA,NA,bccd5754-3014-48e7-bff2-24f4d0bab825,2021-02-25T06:52:45,NA,NA,NA,NA,NA,NA,NA,NA,NA,NA,NA
322018130,live_scoring_core.events.outdoor_cricket.BallBowled,NA,NA,NA,NA,NA,2457b5ee-fbd2-41b4-a014-3d93fc1ebf69,2021-02-25T06:53:03,NA,NA,NA,NA,NA,NA,NA,NA,NA,NA,NA
151216933,live_scoring_core.events.outdoor_cricket.BallBowled,NA,NA,NA,NA,NA,d73ba33a-326a-4c02-ad4b-61ee648d4e14,2021-02-25T06:53:39,NA,NA,NA,NA,NA,NA,NA,NA,NA,NA,NA
538658241,live_scoring_core.events.outdoor_cricket.NewOverStarted,NA,NA,NA,NA,NA,0323781b-114b-48e2-ab94-29434b79dbdb,2021-02-25T06:53:53,NA,NA,NA,NA,244413,NA,NA,NA,NA,NA,NA
59809711,live_scoring_core.events.outdoor_cricket.BowlerChanged,NA,NA,NA,NA,NA,a0ffdcff-0611-4673-b16d-85204a8fbf30,2021-02-25T06:54:04,NA,NA,NA,NA,NA,NA,78000,NA,NA,NA,NA
139437266,live_scoring_core.events.outdoor_cricket.BallBowled,NA,NA,NA,NA,NA,dd6880b9-b33c-436a-943f-a13791d7e623,2021-02-25T06:54:40,NA,NA,NA,NA,NA,NA,NA,NA,NA,NA,NA
668132292,live_scoring_core.events.outdoor_cricket.BallBowled,NA,NA,NA,NA,NA,1ab76a13-5311-48d3-906f-4950c3f6938e,2021-02-25T06:54:51,NA,NA,NA,NA,NA,NA,NA,NA,NA,NA,NA
1002458683,live_scoring_core.events.outdoor_cricket.BallBowled,NA,NA,NA,NA,NA,c2a4c40b-0c6a-45a8-a69e-dfbb9ee2de19,2021-02-25T06:55:13,NA,NA,NA,NA,NA,NA,NA,NA,NA,NA,NA
749894303,live_scoring_core.events.outdoor_cricket.BallBowled,NA,NA,NA,NA,NA,cd71b8e5-fa06-49ed-a3a1-7340218675d5,2021-02-25T06:55:53,NA,NA,NA,NA,NA,NA,NA,NA,NA,NA,NA
3161059,live_scoring_core.events.outdoor_cricket.BallBowled,NA,NA,NA,NA,NA,9df702b8-fc5e-4de3-bb71-ae5b084acba7,2021-02-25T06:56:07,NA,NA,NA,NA,NA,NA,NA,NA,NA,NA,NA
76578635,live_scoring_core.events.outdoor_cricket.NewOverStarted,NA,NA,NA,NA,NA,0b78976f-3c10-420a-aae8-9f96fa01708d,2021-02-25T06:56:48,NA,NA,NA,NA,44711,NA,NA,NA,NA,NA,NA
99619606,live_scoring_core.events.outdoor_cricket.BallBowled,NA,NA,NA,NA,NA,5688232e-a9a7-40b8-8706-26b84ce3e485,2021-02-25T06:57:58,NA,NA,NA,NA,NA,NA,NA,NA,NA,NA,NA
554503465,live_scoring_core.events.outdoor_cricket.BallBowled,NA,NA,NA,NA,NA,81b34d20-29cb-439d-b0cb-e4a01b185eae,2021-02-25T06:58:20,NA,NA,NA,NA,NA,NA,NA,NA,NA,NA,NA
70365674,live_scoring_core.events.outdoor_cricket.BallBowled,NA,NA,NA,NA,NA,b127a716-878c-49ab-8360-2d3a7d8d7b8a,2021-02-25T06:58:39,NA,NA,NA,NA,NA,NA,NA,NA,NA,NA,NA
1055931213,live_scoring_core.events.outdoor_cricket.BallBowled,NA,NA,NA,NA,NA,ffeae0f9-2ca4-48ee-b0b2-af3a233b4729,2021-02-25T06:59:04,NA,NA,NA,NA,NA,NA,NA,NA,NA,NA,NA
998462115,live_scoring_core.events.outdoor_cricket.BallBowled,NA,NA,NA,NA,NA,7e7d43ca-cb91-4d4f-86ff-25c59eca5ee6,2021-02-25T06:59:31,NA,NA,NA,NA,NA,NA,NA,NA,NA,NA,NA
61129625,live_scoring_core.events.outdoor_cricket.BallBowled,NA,NA,NA,NA,NA,762e4cbf-9633-4b7d-9809-0ce107ac1baf,2021-02-25T06:59:53,NA,NA,NA,NA,NA,NA,NA,NA,NA,NA,NA
345030408,live_scoring_core.events.outdoor_cricket.NewOverStarted,NA,NA,NA,NA,NA,ded24972-4e84-4609-8630-252776e02df5,2021-02-25T07:00:17,NA,NA,NA,NA,78000,NA,NA,NA,NA,NA,NA
922615609,live_scoring_core.events.outdoor_cricket.BallBowled,NA,NA,NA,NA,NA,8c28f7f7-2727-4f87-a08b-7253d758a3b0,2021-02-25T07:00:32,NA,NA,NA,NA,NA,NA,NA,NA,NA,NA,NA
43968729,live_scoring_core.events.outdoor_cricket.BallBowled,NA,NA,NA,NA,NA,49013def-427f-478d-9fff-a0395f8c6ad6,2021-02-25T07:00:51,NA,NA,NA,NA,NA,NA,NA,NA,NA,NA,NA
564993700,live_scoring_core.events.outdoor_cricket.BallBowled,NA,NA,NA,NA,NA,959402a4-a495-426d-9f54-ece8fabcbc23,2021-02-25T07:01:15,NA,NA,NA,NA,NA,NA,NA,NA,NA,NA,NA
750543243,live_scoring_core.events.outdoor_cricket.BallBowled,NA,NA,NA,NA,NA,b5a799be-3fbf-4840-819a-ebf828b0c77a,2021-02-25T07:01:37,NA,NA,NA,NA,NA,NA,NA,NA,NA,NA,NA
996399251,live_scoring_core.events.outdoor_cricket.BallBowled,NA,NA,NA,NA,NA,5840a370-a13e-4e1e-9d6d-92afffcc4de2,2021-02-25T07:02:13,NA,NA,NA,NA,NA,NA,NA,NA,NA,NA,NA
25009648,live_scoring_core.events.outdoor_cricket.NewOverStarted,NA,NA,NA,NA,NA,9a3e51fa-7c58-42b3-8c34-97873ed10101,2021-02-25T07:02:37,NA,NA,NA,NA,44711,NA,NA,NA,NA,NA,NA
339075859,live_scoring_core.events.outdoor_cricket.BallBowled,NA,NA,NA,NA,NA,b21f2bb9-a3f8-49a8-b8fb-651766ef82a2,2021-02-25T07:04:09,NA,NA,NA,NA,NA,NA,NA,NA,NA,NA,NA
501630716,live_scoring_core.events.outdoor_cricket.BallBowled,NA,NA,NA,NA,NA,0c24ccd8-f513-4339-815e-4ebe947ce087,2021-02-25T07:04:41,NA,NA,NA,NA,NA,NA,NA,NA,NA,NA,NA
1003239528,live_scoring_core.events.outdoor_cricket.BallBowled,NA,NA,NA,NA,NA,1ebc85cf-f332-446b-ae42-a1ab0d1f13c6,2021-02-25T07:05:04,NA,NA,NA,NA,NA,NA,NA,NA,NA,NA,NA
859525275,live_scoring_core.events.outdoor_cricket.BallBowled,NA,NA,NA,NA,NA,bff64e46-f828-411c-9b2c-7c77c0a22ba1,2021-02-25T07:05:36,NA,NA,NA,NA,NA,NA,NA,NA,NA,NA,NA
1014719895,live_scoring_core.events.outdoor_cricket.BallBowled,NA,NA,NA,NA,NA,9a79b5e3-7be2-4307-a2c3-55628d82b1ea,2021-02-25T07:05:55,NA,NA,NA,NA,NA,NA,NA,NA,NA,NA,NA
326959492,live_scoring_core.events.outdoor_cricket.NewOverStarted,NA,NA,NA,NA,NA,c42dcecc-1bd2-4b5b-b47a-374fca91bf10,2021-02-25T07:06:14,NA,NA,NA,NA,78000,NA,NA,NA,NA,NA,NA
349773754,live_scoring_core.events.outdoor_cricket.BallBowled,NA,NA,NA,NA,NA,eb73a356-bfe1-4b8f-b758-b2ac0190687c,2021-02-25T07:06:48,NA,NA,NA,NA,NA,NA,NA,NA,NA,NA,NA
275322598,live_scoring_core.events.outdoor_cricket.BallBowled,NA,NA,NA,NA,NA,783e6019-8852-41a2-8cc5-b566f7c9358a,2021-02-25T07:07:08,NA,NA,NA,NA,NA,NA,NA,NA,NA,NA,NA
399589885,live_scoring_core.events.outdoor_cricket.BallBowled,NA,NA,NA,NA,NA,25b6357c-4b33-447e-9181-481681504829,2021-02-25T07:07:24,NA,NA,NA,NA,NA,NA,NA,NA,NA,NA,NA
352220269,live_scoring_core.events.outdoor_cricket.BallBowled,NA,NA,NA,NA,NA,11387d58-cff9-4a08-9626-9cc7ac4f8db6,2021-02-25T07:07:43,NA,NA,NA,NA,NA,NA,NA,NA,NA,NA,NA
120465510,live_scoring_core.events.outdoor_cricket.BallBowled,NA,NA,NA,NA,NA,d790ae8f-867a-4c71-a2b0-563363581329,2021-02-25T07:08:18,NA,NA,NA,NA,NA,NA,NA,NA,NA,NA,NA
242875393,live_scoring_core.events.outdoor_cricket.NewOverStarted,NA,NA,NA,NA,NA,e286959f-68f6-4f0f-b773-73de8e369049,2021-02-25T07:08:36,NA,NA,NA,NA,264833,NA,NA,NA,NA,NA,NA
375403969,live_scoring_core.events.outdoor_cricket.BallBowled,NA,NA,NA,NA,NA,d81dd9e6-5b06-4651-9eab-e83523a69c6d,2021-02-25T07:09:13,NA,NA,NA,NA,NA,NA,NA,NA,NA,NA,NA
190807840,live_scoring_core.events.outdoor_cricket.BallBowled,NA,NA,NA,NA,NA,3200808b-e138-4de3-9457-48203a1f82cc,2021-02-25T07:09:49,NA,NA,NA,NA,NA,NA,NA,NA,NA,NA,NA
724272116,live_scoring_core.events.outdoor_cricket.BallBowled,NA,NA,NA,NA,NA,1adcf7b1-1d52-43dc-a750-162739c685cd,2021-02-25T07:10:21,NA,NA,NA,NA,NA,NA,NA,NA,NA,NA,NA
75619395,live_scoring_core.events.outdoor_cricket.BatsmanRetired,NA,NA,NA,NA,NA,d5f52f99-20e2-4250-8741-0e447c5a0904,2021-02-25T07:10:25,NA,NA,NA,NA,NA,NA,NA,239859,NA,NA,NA
402341645,live_scoring_core.events.outdoor_cricket.NewBatsmanSelected,NA,NA,NA,NA,NA,022b019f-0596-45ab-addb-2db1c9956820,2021-02-25T07:10:28,NA,NA,NA,NA,NA,NA,NA,NA,239863,NA,NA
691345208,live_scoring_core.events.outdoor_cricket.BallBowled,NA,NA,NA,NA,NA,382da660-559d-4427-a642-6c1375ebe836,2021-02-25T07:10:58,NA,NA,NA,NA,NA,NA,NA,NA,NA,NA,NA
310276816,live_scoring_core.events.outdoor_cricket.BallBowled,NA,NA,NA,NA,NA,5f8e3c0d-8e7e-4d27-9c7a-2f752cafe0f6,2021-02-25T07:11:13,NA,NA,NA,NA,NA,NA,NA,NA,NA,NA,NA
1073375964,live_scoring_core.events.outdoor_cricket.BallBowled,NA,NA,NA,NA,NA,0dd5c202-4c20-4b1e-b463-2fa51d0a44a5,2021-02-25T07:11:34,NA,NA,NA,NA,NA,NA,NA,NA,NA,NA,NA
232751498,live_scoring_core.events.outdoor_cricket.NewOverStarted,NA,NA,NA,NA,NA,48451b39-804b-4d62-95fa-c90899bef7d4,2021-02-25T07:11:48,NA,NA,NA,NA,244413,NA,NA,NA,NA,NA,NA
747028356,live_scoring_core.events.outdoor_cricket.BallBowled,NA,NA,NA,NA,NA,3e0c8921-383e-4d65-974c-c82b525dd7a5,2021-02-25T07:12:23,NA,NA,NA,NA,NA,NA,NA,NA,NA,NA,NA
683347833,live_scoring_core.events.outdoor_cricket.BallBowled,NA,NA,NA,NA,NA,0cb183f8-ec1d-4667-816d-0dc19c25c35f,2021-02-25T07:12:44,NA,NA,NA,NA,NA,NA,NA,NA,NA,NA,NA
1070955683,live_scoring_core.events.outdoor_cricket.BallBowled,NA,NA,NA,NA,NA,fdd83bfd-1731-4821-9117-aa836f9d2cef,2021-02-25T07:13:04,NA,NA,NA,NA,NA,NA,NA,NA,NA,NA,NA
478919655,live_scoring_core.events.outdoor_cricket.BallBowled,NA,NA,NA,NA,NA,dba46313-20e4-4e13-ae76-54b12e573008,2021-02-25T07:13:25,NA,NA,NA,NA,NA,NA,NA,NA,NA,NA,NA
351411896,live_scoring_core.events.outdoor_cricket.BallBowled,NA,NA,NA,NA,NA,b149acab-dffc-4771-a6bb-46a35df94ca3,2021-02-25T07:13:49,NA,NA,NA,NA,NA,NA,NA,NA,NA,NA,NA
17966417,live_scoring_core.events.outdoor_cricket.NewOverStarted,NA,NA,NA,NA,NA,48609167-4788-47b9-a7c0-d7076f14fd2b,2021-02-25T07:14:08,NA,NA,NA,NA,264833,NA,NA,NA,NA,NA,NA
226021988,live_scoring_core.events.outdoor_cricket.BallBowled,NA,NA,NA,NA,NA,45ec31e7-fe99-4ce3-8be0-5609788bc507,2021-02-25T07:14:44,NA,NA,NA,NA,NA,NA,NA,NA,NA,NA,NA
276208984,live_scoring_core.events.outdoor_cricket.BallBowled,NA,NA,NA,NA,NA,c3a882c2-9a7f-49c1-8410-65caed35903f,2021-02-25T07:15:22,NA,NA,NA,NA,NA,NA,NA,NA,NA,NA,NA
758550813,live_scoring_core.events.outdoor_cricket.BallBowled,NA,NA,NA,NA,NA,332e4278-a9b7-4c88-9bde-da3940c293bc,2021-02-25T07:15:42,NA,NA,NA,NA,NA,NA,NA,NA,NA,NA,NA
1032259412,live_scoring_core.events.outdoor_cricket.BallBowled,NA,NA,NA,NA,NA,32cb1f7a-a294-47e7-bc62-239e8a930769,2021-02-25T07:16:02,NA,NA,NA,NA,NA,NA,NA,NA,NA,NA,NA
506465847,live_scoring_core.events.outdoor_cricket.BallBowled,NA,NA,NA,NA,NA,66bc3004-9557-4f35-a11a-644b1b011087,2021-02-25T07:16:24,NA,NA,NA,NA,NA,NA,NA,NA,NA,NA,NA
973284996,live_scoring_core.events.outdoor_cricket.NewOverStarted,NA,NA,NA,NA,NA,ed656b46-98b9-4877-a38f-032cef382c7f,2021-02-25T07:16:44,NA,NA,NA,NA,244413,NA,NA,NA,NA,NA,NA
770668729,live_scoring_core.events.outdoor_cricket.BallBowled,NA,NA,NA,NA,NA,4c93ba52-d431-460b-9a52-6b592f0d6243,2021-02-25T07:17:21,NA,NA,NA,NA,NA,NA,NA,NA,NA,NA,NA
820184267,live_scoring_core.events.outdoor_cricket.BallBowled,NA,NA,NA,NA,NA,52f28297-21fc-4000-9528-15dd7a2ef27e,2021-02-25T07:17:42,NA,NA,NA,NA,NA,NA,NA,NA,NA,NA,NA
934057623,live_scoring_core.events.outdoor_cricket.BallBowled,NA,NA,NA,NA,NA,8c7561d8-ea20-4a67-87f5-37a3b6f362a7,2021-02-25T07:18:07,NA,NA,NA,NA,NA,NA,NA,NA,NA,NA,NA
931776016,live_scoring_core.events.outdoor_cricket.BallBowled,NA,NA,NA,NA,NA,bd7ea89b-22c9-45e6-91b3-aca9cccfcb54,2021-02-25T07:18:21,NA,NA,NA,NA,NA,NA,NA,NA,NA,NA,NA
387224062,live_scoring_core.events.outdoor_cricket.BallBowled,NA,NA,NA,NA,NA,87bd6b4a-fdc1-47bd-b5b1-4d2f199ef272,2021-02-25T07:18:44,NA,NA,NA,NA,NA,NA,NA,NA,NA,NA,NA
831404780,live_scoring_core.events.outdoor_cricket.NewOverStarted,NA,NA,NA,NA,NA,c770bf53-2baf-452f-8b22-236d9d30e87d,2021-02-25T07:18:52,NA,NA,NA,NA,244414,NA,NA,NA,NA,NA,NA
329494948,live_scoring_core.events.outdoor_cricket.BallBowled,NA,NA,NA,NA,NA,1a31dae9-40fa-490c-8015-f613119f514d,2021-02-25T07:19:31,NA,NA,NA,NA,NA,NA,NA,NA,NA,NA,NA
804522677,live_scoring_core.events.outdoor_cricket.BallBowled,NA,NA,NA,NA,NA,c02525f1-e1ac-4863-9935-2f1b61fd0541,2021-02-25T07:19:53,NA,NA,NA,NA,NA,NA,NA,NA,NA,NA,NA
888384993,live_scoring_core.events.outdoor_cricket.BallBowled,NA,NA,NA,NA,NA,76c22df9-4e3d-4311-89f8-c879a7150b7f,2021-02-25T07:20:20,NA,NA,NA,NA,NA,NA,NA,NA,NA,NA,NA
289151632,live_scoring_core.events.outdoor_cricket.BallBowled,NA,NA,NA,NA,NA,cc9a7fe7-757c-4be6-9520-1034090bfb88,2021-02-25T07:20:50,NA,NA,NA,NA,NA,NA,NA,NA,NA,NA,NA
1043840016,live_scoring_core.events.outdoor_cricket.BallBowled,NA,NA,NA,NA,NA,3e5e60a6-3392-4c18-942c-f6a78291e6dc,2021-02-25T07:21:05,NA,NA,NA,NA,NA,NA,NA,NA,NA,NA,NA
666756700,live_scoring_core.events.outdoor_cricket.NewOverStarted,NA,NA,NA,NA,NA,9aedff1c-2a20-415e-95b3-81c678de4726,2021-02-25T07:21:20,NA,NA,NA,NA,244413,NA,NA,NA,NA,NA,NA
542229608,live_scoring_core.events.outdoor_cricket.BallBowled,NA,NA,NA,NA,NA,021a7738-7f82-4b54-991c-6a6b3d3c23d8,2021-02-25T07:21:49,NA,NA,NA,NA,NA,NA,NA,NA,NA,NA,NA
771685529,live_scoring_core.events.outdoor_cricket.BallBowled,NA,NA,NA,NA,NA,605d2d82-7d8f-4cb1-b415-760724215215,2021-02-25T07:22:10,NA,NA,NA,NA,NA,NA,NA,NA,NA,NA,NA
983501378,live_scoring_core.events.outdoor_cricket.BallBowled,NA,NA,NA,NA,NA,aed83bcc-f67d-4b89-93c7-f8ebd2a37f38,2021-02-25T07:22:34,NA,NA,NA,NA,NA,NA,NA,NA,NA,NA,NA
354470998,live_scoring_core.events.outdoor_cricket.BallBowled,NA,NA,NA,NA,NA,d0b5d7a0-b7de-4687-ac2a-220e85987821,2021-02-25T07:22:55,NA,NA,NA,NA,NA,NA,NA,NA,NA,NA,NA
17697885,live_scoring_core.events.outdoor_cricket.BallBowled,NA,NA,NA,NA,NA,41c14975-1d5f-4a02-9072-82ede791c57b,2021-02-25T07:23:19,NA,NA,NA,NA,NA,NA,NA,NA,NA,NA,NA
859507389,live_scoring_core.events.outdoor_cricket.BallBowled,NA,NA,NA,NA,NA,6a7ea030-8be2-4d3f-bf85-994313391f3a,2021-02-25T07:23:41,NA,NA,NA,NA,NA,NA,NA,NA,NA,NA,NA
259719567,live_scoring_core.events.outdoor_cricket.NewBatsmanSelected,NA,NA,NA,NA,NA,a8dfe6a8-9dc6-41ac-83e3-48b685b46e77,2021-02-25T07:23:52,NA,NA,NA,NA,NA,NA,NA,NA,242570,NA,NA
892011643,live_scoring_core.events.outdoor_cricket.NewOverStarted,NA,NA,NA,NA,NA,fed9e048-deae-453d-bf47-71518e40b683,2021-02-25T07:24:27,NA,NA,NA,NA,244414,NA,NA,NA,NA,NA,NA
233417529,live_scoring_core.events.outdoor_cricket.BallBowled,NA,NA,NA,NA,NA,37f15b88-56c8-4f7d-a996-9697af8643db,2021-02-25T07:26:28,NA,NA,NA,NA,NA,NA,NA,NA,NA,NA,NA
679794902,live_scoring_core.events.outdoor_cricket.BallBowled,NA,NA,NA,NA,NA,5daeddc2-5457-4fb3-922f-6096e6a0fabd,2021-02-25T07:26:45,NA,NA,NA,NA,NA,NA,NA,NA,NA,NA,NA
143869935,live_scoring_core.events.outdoor_cricket.BallBowled,NA,NA,NA,NA,NA,9ca045a0-dabf-4f9b-b722-f2a4075016b3,2021-02-25T07:27:17,NA,NA,NA,NA,NA,NA,NA,NA,NA,NA,NA
660227942,live_scoring_core.events.outdoor_cricket.BallBowled,NA,NA,NA,NA,NA,ba01041e-5301-49cf-b715-fd7072d08a4b,2021-02-25T07:27:29,NA,NA,NA,NA,NA,NA,NA,NA,NA,NA,NA
892389021,live_scoring_core.events.outdoor_cricket.BallBowled,NA,NA,NA,NA,NA,fa1d2c59-13df-4d53-96ce-69e4796a54c8,2021-02-25T07:27:49,NA,NA,NA,NA,NA,NA,NA,NA,NA,NA,NA
807782033,live_scoring_core.events.outdoor_cricket.NewOverStarted,NA,NA,NA,NA,NA,b980dbb7-3dc6-4e67-bae7-a654c72f7f06,2021-02-25T07:28:05,NA,NA,NA,NA,244413,NA,NA,NA,NA,NA,NA
967314265,live_scoring_core.events.outdoor_cricket.BallBowled,NA,NA,NA,NA,NA,92a746ca-6603-4565-8b8a-c76d8cd253b4,2021-02-25T07:28:38,NA,NA,NA,NA,NA,NA,NA,NA,NA,NA,NA
562099331,live_scoring_core.events.outdoor_cricket.BallBowled,NA,NA,NA,NA,NA,3c474b63-484e-4096-92a3-3d33ce60d113,2021-02-25T07:28:54,NA,NA,NA,NA,NA,NA,NA,NA,NA,NA,NA
590387172,live_scoring_core.events.outdoor_cricket.BallBowled,NA,NA,NA,NA,NA,bcd51b1e-3d98-4eaf-b8a2-ffae9277fcdd,2021-02-25T07:29:36,NA,NA,NA,NA,NA,NA,NA,NA,NA,NA,NA
960246963,live_scoring_core.events.outdoor_cricket.BallBowled,NA,NA,NA,NA,NA,97f924ad-4221-49c8-a13a-cb0f3f51bce7,2021-02-25T07:29:53,NA,NA,NA,NA,NA,NA,NA,NA,NA,NA,NA
1019699233,live_scoring_core.events.outdoor_cricket.BallBowled,NA,NA,NA,NA,NA,96208ec3-868f-4527-b99f-4f4840b3e562,2021-02-25T07:30:46,NA,NA,NA,NA,NA,NA,NA,NA,NA,NA,NA
850002688,live_scoring_core.events.outdoor_cricket.NewOverStarted,NA,NA,NA,NA,NA,eaacf4ac-cf9a-418d-8010-ad90604fd8a9,2021-02-25T07:31:07,NA,NA,NA,NA,245620,NA,NA,NA,NA,NA,NA
874253804,live_scoring_core.events.outdoor_cricket.BallBowled,NA,NA,NA,NA,NA,0674cc2f-3e17-4e85-b736-1d52635c052d,2021-02-25T07:31:38,NA,NA,NA,NA,NA,NA,NA,NA,NA,NA,NA
760603358,live_scoring_core.events.outdoor_cricket.BallBowled,NA,NA,NA,NA,NA,953101db-b19b-4bdc-969e-caed2f0237fc,2021-02-25T07:32:15,NA,NA,NA,NA,NA,NA,NA,NA,NA,NA,NA
334664406,live_scoring_core.events.outdoor_cricket.BallBowled,NA,NA,NA,NA,NA,22765960-b433-4b8e-abdb-0c3b203f8cd6,2021-02-25T07:32:35,NA,NA,NA,NA,NA,NA,NA,NA,NA,NA,NA
637142582,live_scoring_core.events.outdoor_cricket.BallBowled,NA,NA,NA,NA,NA,5ae5394b-3f23-4e15-9dc2-21f867b78c10,2021-02-25T07:32:56,NA,NA,NA,NA,NA,NA,NA,NA,NA,NA,NA
289846487,live_scoring_core.events.outdoor_cricket.BallBowled,NA,NA,NA,NA,NA,c5e19d93-8c67-400a-836f-268ed5661809,2021-02-25T07:33:20,NA,NA,NA,NA,NA,NA,NA,NA,NA,NA,NA
943068093,live_scoring_core.events.outdoor_cricket.NewOverStarted,NA,NA,NA,NA,NA,e7656c32-f6a9-40e1-9ebd-025d6bc20c32,2021-02-25T07:33:32,NA,NA,NA,NA,244414,NA,NA,NA,NA,NA,NA
176201245,live_scoring_core.events.outdoor_cricket.BallBowled,NA,NA,NA,NA,NA,47f21bbf-9d53-4ba5-8a23-c0927e495423,2021-02-25T07:34:10,NA,NA,NA,NA,NA,NA,NA,NA,NA,NA,NA
173132302,live_scoring_core.events.outdoor_cricket.BallBowled,NA,NA,NA,NA,NA,1f77da83-9bda-4e72-a1c9-c8cbcc695cca,2021-02-25T07:34:30,NA,NA,NA,NA,NA,NA,NA,NA,NA,NA,NA
761236046,live_scoring_core.events.outdoor_cricket.BallBowled,NA,NA,NA,NA,NA,a54ca4c2-de87-49cd-b9bf-7375a5b45b03,2021-02-25T07:34:53,NA,NA,NA,NA,NA,NA,NA,NA,NA,NA,NA
764057351,live_scoring_core.events.outdoor_cricket.BallBowled,NA,NA,NA,NA,NA,ee0e2c4a-8116-44a2-b4ab-fe2917a7f647,2021-02-25T07:35:14,NA,NA,NA,NA,NA,NA,NA,NA,NA,NA,NA
667040878,live_scoring_core.events.outdoor_cricket.BallBowled,NA,NA,NA,NA,NA,0b5976af-bc22-4df3-82e3-02d64d55eeaa,2021-02-25T07:35:34,NA,NA,NA,NA,NA,NA,NA,NA,NA,NA,NA
722269492,live_scoring_core.events.outdoor_cricket.NewOverStarted,NA,NA,NA,NA,NA,df5aa087-d17c-4a1f-8ab3-5ebef6d2ad3a,2021-02-25T07:35:56,NA,NA,NA,NA,245620,NA,NA,NA,NA,NA,NA
776338145,live_scoring_core.events.outdoor_cricket.FielderChanged,NA,NA,NA,NA,NA,6fbf0dce-7af5-4dc4-a601-45a8c6d96258,2021-02-25T07:36:35,NA,NA,NA,NA,NA,NA,NA,NA,NA,245620,NA
110699902,live_scoring_core.events.outdoor_cricket.BallBowled,NA,NA,NA,NA,NA,83eba4d1-f757-4cb4-854a-aead1506ee2d,2021-02-25T07:36:35,NA,NA,NA,NA,NA,NA,NA,NA,NA,NA,NA
484491835,live_scoring_core.events.outdoor_cricket.NewBatsmanSelected,NA,NA,NA,NA,NA,4b000903-331a-4b86-bd80-b6ac04ba150c,2021-02-25T07:36:39,NA,NA,NA,NA,NA,NA,NA,NA,239860,NA,NA
885912004,live_scoring_core.events.outdoor_cricket.BallBowled,NA,NA,NA,NA,NA,e5bcce85-ddb4-4feb-b0d6-d6ba9de5e11b,2021-02-25T07:37:10,NA,NA,NA,NA,NA,NA,NA,NA,NA,NA,NA
970619423,live_scoring_core.events.outdoor_cricket.BallBowled,NA,NA,NA,NA,NA,5b805031-4ba2-4f63-80a2-860b7b8c8ec7,2021-02-25T07:37:33,NA,NA,NA,NA,NA,NA,NA,NA,NA,NA,NA
266918357,live_scoring_core.events.outdoor_cricket.BallBowled,NA,NA,NA,NA,NA,da15938e-5fb2-4a51-be4a-6d8529767163,2021-02-25T07:37:54,NA,NA,NA,NA,NA,NA,NA,NA,NA,NA,NA
705115676,live_scoring_core.events.outdoor_cricket.FielderChanged,NA,NA,NA,NA,NA,d2408062-0406-49a8-be8b-55f7a73e8ef7,2021-02-25T07:38:34,NA,NA,NA,NA,NA,NA,NA,NA,NA,245620,NA
527833223,live_scoring_core.events.outdoor_cricket.BallBowled,NA,NA,NA,NA,NA,a01a07cd-c607-4b5b-b4db-173fe6ab359a,2021-02-25T07:38:34,NA,NA,NA,NA,NA,NA,NA,NA,NA,NA,NA
505936818,live_scoring_core.events.outdoor_cricket.NewBatsmanSelected,NA,NA,NA,NA,NA,4f3149b0-5ba2-44ef-bfb4-06894b48ebe5,2021-02-25T07:38:36,NA,NA,NA,NA,NA,NA,NA,NA,198555,NA,NA
895063250,live_scoring_core.events.outdoor_cricket.BallBowled,NA,NA,NA,NA,NA,451f2c56-de86-44e1-ac27-d541fbee54d0,2021-02-25T07:38:56,NA,NA,NA,NA,NA,NA,NA,NA,NA,NA,NA
545874668,live_scoring_core.events.outdoor_cricket.NewOverStarted,NA,NA,NA,NA,NA,421d1853-d0f6-4418-93a3-fca21bfa3b32,2021-02-25T07:39:10,NA,NA,NA,NA,44711,NA,NA,NA,NA,NA,NA
347348727,live_scoring_core.events.outdoor_cricket.BallBowled,NA,NA,NA,NA,NA,43303bb4-a746-4871-866a-11d96c8a41dc,2021-02-25T07:39:32,NA,NA,NA,NA,NA,NA,NA,NA,NA,NA,NA
399966612,live_scoring_core.events.outdoor_cricket.BallBowled,NA,NA,NA,NA,NA,42858da9-87a8-45b0-947b-eba33b06439a,2021-02-25T07:39:54,NA,NA,NA,NA,NA,NA,NA,NA,NA,NA,NA
742220706,live_scoring_core.events.outdoor_cricket.BallBowled,NA,NA,NA,NA,NA,28ef794e-b959-48e6-bb49-6e0bfa95b440,2021-02-25T07:40:17,NA,NA,NA,NA,NA,NA,NA,NA,NA,NA,NA
524702555,live_scoring_core.events.outdoor_cricket.BallBowled,NA,NA,NA,NA,NA,9933c79d-b4c1-4e1d-bd64-046c9205fd83,2021-02-25T07:40:39,NA,NA,NA,NA,NA,NA,NA,NA,NA,NA,NA
256051458,live_scoring_core.events.outdoor_cricket.BallBowled,NA,NA,NA,NA,NA,ec577662-1985-40c0-af37-54e48db4dcfb,2021-02-25T07:40:53,NA,NA,NA,NA,NA,NA,NA,NA,NA,NA,NA
970218003,live_scoring_core.events.outdoor_cricket.BallBowled,NA,NA,NA,NA,NA,7a3b7da2-556b-4c6c-a7ab-2687405effc6,2021-02-25T07:41:26,NA,NA,NA,NA,NA,NA,NA,NA,NA,NA,NA
753228761,live_scoring_core.events.outdoor_cricket.NewOverStarted,NA,NA,NA,NA,NA,1b73cfb5-d44e-4046-974e-865f3173148b,2021-02-25T07:41:38,NA,NA,NA,NA,245620,NA,NA,NA,NA,NA,NA
727657983,live_scoring_core.events.outdoor_cricket.BallBowled,NA,NA,NA,NA,NA,aaf887a0-212d-499b-8b14-e36ec38985e2,2021-02-25T07:42:03,NA,NA,NA,NA,NA,NA,NA,NA,NA,NA,NA
302284077,live_scoring_core.events.outdoor_cricket.BallBowled,NA,NA,NA,NA,NA,cb2c3351-77db-4b4f-87bc-fbbe6029acac,2021-02-25T07:42:26,NA,NA,NA,NA,NA,NA,NA,NA,NA,NA,NA
861891882,live_scoring_core.events.outdoor_cricket.BallBowled,NA,NA,NA,NA,NA,17b1bac6-2e4c-4894-99a4-a0595678f552,2021-02-25T07:42:42,NA,NA,NA,NA,NA,NA,NA,NA,NA,NA,NA
965720335,live_scoring_core.events.outdoor_cricket.BallBowled,NA,NA,NA,NA,NA,af206db2-66e5-40f5-b05e-dd9beb0cac18,2021-02-25T07:43:04,NA,NA,NA,NA,NA,NA,NA,NA,NA,NA,NA
502278623,live_scoring_core.events.outdoor_cricket.FielderChanged,NA,NA,NA,NA,NA,1e7bc9b6-5a9b-4ea2-afcc-9f591ab6516d,2021-02-25T07:43:37,NA,NA,NA,NA,NA,NA,NA,NA,NA,44711,NA
14556123,live_scoring_core.events.outdoor_cricket.BallBowled,NA,NA,NA,NA,NA,9029dc39-35a3-49fd-bbd1-595e6b5e83b5,2021-02-25T07:43:37,NA,NA,NA,NA,NA,NA,NA,NA,NA,NA,NA
873313196,live_scoring_core.events.outdoor_cricket.NewBatsmanSelected,NA,NA,NA,NA,NA,93512c63-b2cb-42eb-be5d-0846ec390f9a,2021-02-25T07:43:42,NA,NA,NA,NA,NA,NA,NA,NA,243716,NA,NA
111303103,live_scoring_core.events.outdoor_cricket.NewBatsmanSelected,NA,NA,NA,NA,NA,4acb5ce8-7c62-4105-845c-50d00e9b8853,2021-02-25T07:43:46,NA,NA,NA,NA,NA,NA,NA,NA,260826,NA,NA
509482708,live_scoring_core.events.outdoor_cricket.InningsFinished,NA,NA,NA,NA,NA,c8279caf-94b6-4e34-8c11-086594b15666,2021-02-25T07:50:10,NA,NA,NA,NA,NA,NA,NA,NA,NA,NA,NA
151847656,live_scoring_core.events.outdoor_cricket.InningsStarted,NA,NA,NA,NA,NA,dddf8516-7538-4352-9754-c1f8c6680c3e,2021-02-25T07:50:29,9013,18132,44711,264833,239863,125735,NA,NA,NA,NA,NA
779283293,live_scoring_core.events.outdoor_cricket.BallBowled,NA,NA,NA,NA,NA,6752c562-4bad-4b03-a8d7-95db3c0af66c,2021-02-25T07:51:07,NA,NA,NA,NA,NA,NA,NA,NA,NA,NA,NA
415984653,live_scoring_core.events.outdoor_cricket.BallBowled,NA,NA,NA,NA,NA,20741961-7ce0-42c2-9e0c-28ba93c11137,2021-02-25T07:51:31,NA,NA,NA,NA,NA,NA,NA,NA,NA,NA,NA
413631363,live_scoring_core.events.outdoor_cricket.BallBowled,NA,NA,NA,NA,NA,d77c7fa9-71d7-4f30-ac6f-465a181c3d0c,2021-02-25T07:51:55,NA,NA,NA,NA,NA,NA,NA,NA,NA,NA,NA
833489936,live_scoring_core.events.outdoor_cricket.BallBowled,NA,NA,NA,NA,NA,5b14b33b-72ea-48c0-86fa-ddd762f4bb6f,2021-02-25T07:52:21,NA,NA,NA,NA,NA,NA,NA,NA,NA,NA,NA
796684492,live_scoring_core.events.outdoor_cricket.BallBowled,NA,NA,NA,NA,NA,6fbd6c26-b3d2-478c-a7e8-a82ebfcccb40,2021-02-25T07:52:48,NA,NA,NA,NA,NA,NA,NA,NA,NA,NA,NA
148501116,live_scoring_core.events.outdoor_cricket.NewOverStarted,NA,NA,NA,NA,NA,8466ce78-8856-4427-a7b5-ebd288c7b26d,2021-02-25T07:52:57,NA,NA,NA,NA,239859,NA,NA,NA,NA,NA,NA
725908329,live_scoring_core.events.outdoor_cricket.BallBowled,NA,NA,NA,NA,NA,bac72be4-915e-4f10-8c26-d36772a36286,2021-02-25T07:53:31,NA,NA,NA,NA,NA,NA,NA,NA,NA,NA,NA
808166167,live_scoring_core.events.outdoor_cricket.BallBowled,NA,NA,NA,NA,NA,3f9e6af4-d055-46ad-9760-30d7c2f7fd7e,2021-02-25T07:53:49,NA,NA,NA,NA,NA,NA,NA,NA,NA,NA,NA
436069862,live_scoring_core.events.outdoor_cricket.BallBowled,NA,NA,NA,NA,NA,30413855-d351-473f-bf9f-66514724a1fd,2021-02-25T07:54:14,NA,NA,NA,NA,NA,NA,NA,NA,NA,NA,NA
488525242,live_scoring_core.events.outdoor_cricket.BallBowled,NA,NA,NA,NA,NA,9606564e-1594-42aa-b6c0-d40f0ddd4c8f,2021-02-25T07:54:39,NA,NA,NA,NA,NA,NA,NA,NA,NA,NA,NA
1026186402,live_scoring_core.events.outdoor_cricket.BallBowled,NA,NA,NA,NA,NA,00eceb76-5e52-424e-b6e1-e7042912cb43,2021-02-25T07:55:06,NA,NA,NA,NA,NA,NA,NA,NA,NA,NA,NA
1037120724,live_scoring_core.events.outdoor_cricket.BallBowled,NA,NA,NA,NA,NA,6f8addf0-7072-4ce9-a9e2-f7ebd3a13bf0,2021-02-25T07:55:32,NA,NA,NA,NA,NA,NA,NA,NA,NA,NA,NA
515800316,live_scoring_core.events.outdoor_cricket.NewOverStarted,NA,NA,NA,NA,NA,6f464ad7-17f8-4fe0-842a-939191c58361,2021-02-25T07:55:41,NA,NA,NA,NA,239863,NA,NA,NA,NA,NA,NA
233502057,live_scoring_core.events.outdoor_cricket.BallBowled,NA,NA,NA,NA,NA,35cba085-f3a5-4446-a565-5462c5245616,2021-02-25T07:56:03,NA,NA,NA,NA,NA,NA,NA,NA,NA,NA,NA
129077043,live_scoring_core.events.outdoor_cricket.BallBowled,NA,NA,NA,NA,NA,1904768a-5cd9-4b3f-9096-41c4d9151814,2021-02-25T07:56:21,NA,NA,NA,NA,NA,NA,NA,NA,NA,NA,NA
606368473,live_scoring_core.events.outdoor_cricket.BallBowled,NA,NA,NA,NA,NA,19160cda-a731-4cfe-b376-cb9086e6a837,2021-02-25T07:56:52,NA,NA,NA,NA,NA,NA,NA,NA,NA,NA,NA
390240824,live_scoring_core.events.outdoor_cricket.BallBowled,NA,NA,NA,NA,NA,85f44fa2-bdb4-4625-82bf-f07da91505b8,2021-02-25T07:57:23,NA,NA,NA,NA,NA,NA,NA,NA,NA,NA,NA
18777952,live_scoring_core.events.outdoor_cricket.BallBowled,NA,NA,NA,NA,NA,f62af1ce-4c8c-4eec-9db8-56b63ad75427,2021-02-25T07:57:42,NA,NA,NA,NA,NA,NA,NA,NA,NA,NA,NA
417172860,live_scoring_core.events.outdoor_cricket.NewOverStarted,NA,NA,NA,NA,NA,1f95830f-4b65-46cd-a8af-8a4bcce14578,2021-02-25T07:57:53,NA,NA,NA,NA,239859,NA,NA,NA,NA,NA,NA
560790202,live_scoring_core.events.outdoor_cricket.BallBowled,NA,NA,NA,NA,NA,4d54cb02-99ab-406f-848f-baab874013d4,2021-02-25T07:58:15,NA,NA,NA,NA,NA,NA,NA,NA,NA,NA,NA
972631482,live_scoring_core.events.outdoor_cricket.BallBowled,NA,NA,NA,NA,NA,72d4562d-b03d-4530-babf-fc19e594279b,2021-02-25T07:59:07,NA,NA,NA,NA,NA,NA,NA,NA,NA,NA,NA
276787618,live_scoring_core.events.outdoor_cricket.FielderChanged,NA,NA,NA,NA,NA,b423683d-5257-4b5d-a06c-ef01f0dd17ee,2021-02-25T07:59:21,NA,NA,NA,NA,NA,NA,NA,NA,NA,125735,NA
793271798,live_scoring_core.events.outdoor_cricket.BallBowled,NA,NA,NA,NA,NA,bc368d28-5cd2-4cd1-abc4-304d89c66ae9,2021-02-25T07:59:21,NA,NA,NA,NA,NA,NA,NA,NA,NA,NA,NA
15398094,live_scoring_core.events.outdoor_cricket.NewBatsmanSelected,NA,NA,NA,NA,NA,782367f0-a6ca-4be1-b845-c8a4cb310830,2021-02-25T07:59:23,NA,NA,NA,NA,NA,NA,NA,NA,78000,NA,NA
367970247,live_scoring_core.events.outdoor_cricket.BallBowled,NA,NA,NA,NA,NA,cd7d1bb1-5555-4fe8-93a1-491039a52a1f,2021-02-25T08:00:15,NA,NA,NA,NA,NA,NA,NA,NA,NA,NA,NA
1005872034,live_scoring_core.events.outdoor_cricket.BallBowled,NA,NA,NA,NA,NA,fe3b22a8-e5f1-480b-999d-ec0361e1ca2f,2021-02-25T08:00:34,NA,NA,NA,NA,NA,NA,NA,NA,NA,NA,NA
254229133,live_scoring_core.events.outdoor_cricket.NewOverStarted,NA,NA,NA,NA,NA,f8ea69cb-4723-4b09-a7ea-a0b9ff16fafd,2021-02-25T08:00:42,NA,NA,NA,NA,239863,NA,NA,NA,NA,NA,NA
125327699,live_scoring_core.events.outdoor_cricket.BallBowled,NA,NA,NA,NA,NA,deecec3c-0ed5-419b-ae62-8b3879d0e605,2021-02-25T08:01:26,NA,NA,NA,NA,NA,NA,NA,NA,NA,NA,NA
931488791,live_scoring_core.events.outdoor_cricket.BallBowled,NA,NA,NA,NA,NA,dd72fa06-cca7-4473-a045-09f26093065f,2021-02-25T08:01:54,NA,NA,NA,NA,NA,NA,NA,NA,NA,NA,NA
877908492,live_scoring_core.events.outdoor_cricket.BallBowled,NA,NA,NA,NA,NA,58bbb873-8763-4ea7-8d28-a09756dbadac,2021-02-25T08:02:14,NA,NA,NA,NA,NA,NA,NA,NA,NA,NA,NA
967726014,live_scoring_core.events.outdoor_cricket.BallBowled,NA,NA,NA,NA,NA,97b8508b-6cff-41d3-a093-19f248109227,2021-02-25T08:02:34,NA,NA,NA,NA,NA,NA,NA,NA,NA,NA,NA
1066183938,live_scoring_core.events.outdoor_cricket.BallBowled,NA,NA,NA,NA,NA,fa5f5ed7-0b77-4501-adbe-ac63d4aa2653,2021-02-25T08:02:59,NA,NA,NA,NA,NA,NA,NA,NA,NA,NA,NA
976874236,live_scoring_core.events.outdoor_cricket.NewOverStarted,NA,NA,NA,NA,NA,a18665ff-61f6-469b-85fb-3b04e94dac39,2021-02-25T08:03:14,NA,NA,NA,NA,260826,NA,NA,NA,NA,NA,NA
351538688,live_scoring_core.events.outdoor_cricket.BallBowled,NA,NA,NA,NA,NA,910fe5b0-9bae-406e-9f2f-30a68f089db6,2021-02-25T08:04:07,NA,NA,NA,NA,NA,NA,NA,NA,NA,NA,NA
844390798,live_scoring_core.events.outdoor_cricket.BallBowled,NA,NA,NA,NA,NA,bce6777c-96ee-4f7d-92f6-ab6210f7a708,2021-02-25T08:04:18,NA,NA,NA,NA,NA,NA,NA,NA,NA,NA,NA
902648813,live_scoring_core.events.outdoor_cricket.BallBowled,NA,NA,NA,NA,NA,29793353-7042-4684-b5ea-05abb38fadee,2021-02-25T08:04:41,NA,NA,NA,NA,NA,NA,NA,NA,NA,NA,NA
302710688,live_scoring_core.events.outdoor_cricket.BallBowled,NA,NA,NA,NA,NA,b1171883-f2fc-4706-a92b-3e5a841370e2,2021-02-25T08:05:02,NA,NA,NA,NA,NA,NA,NA,NA,NA,NA,NA
902430448,live_scoring_core.events.outdoor_cricket.BallBowled,NA,NA,NA,NA,NA,e170d270-326b-4b26-b9f2-496657c6cba6,2021-02-25T08:05:25,NA,NA,NA,NA,NA,NA,NA,NA,NA,NA,NA
30727654,live_scoring_core.events.outdoor_cricket.NewOverStarted,NA,NA,NA,NA,NA,08ecde54-284b-4ca7-9f87-1857218e3424,2021-02-25T08:05:35,NA,NA,NA,NA,242570,NA,NA,NA,NA,NA,NA
459170858,live_scoring_core.events.outdoor_cricket.BallBowled,NA,NA,NA,NA,NA,7a4c55ee-25f4-41ad-a7ba-4ff989a4121b,2021-02-25T08:06:11,NA,NA,NA,NA,NA,NA,NA,NA,NA,NA,NA
655571927,live_scoring_core.events.outdoor_cricket.BallBowled,NA,NA,NA,NA,NA,4874ae6f-bd40-4e71-803b-07a45f2d429e,2021-02-25T08:06:39,NA,NA,NA,NA,NA,NA,NA,NA,NA,NA,NA
128557476,live_scoring_core.events.outdoor_cricket.BallBowled,NA,NA,NA,NA,NA,1c06118d-69d0-480a-bb82-02bed68a0509,2021-02-25T08:06:58,NA,NA,NA,NA,NA,NA,NA,NA,NA,NA,NA
688666027,live_scoring_core.events.outdoor_cricket.BallBowled,NA,NA,NA,NA,NA,fb88dd97-5c1f-43e6-bc41-6bd006b0ccaf,2021-02-25T08:07:47,NA,NA,NA,NA,NA,NA,NA,NA,NA,NA,NA
398973575,live_scoring_core.events.outdoor_cricket.BallBowled,NA,NA,NA,NA,NA,2361ee1b-8fa9-481a-b50c-9405f990c112,2021-02-25T08:08:17,NA,NA,NA,NA,NA,NA,NA,NA,NA,NA,NA
50848996,live_scoring_core.events.outdoor_cricket.BallBowled,NA,NA,NA,NA,NA,c6bb7166-ec21-4785-afed-b16b3b573914,2021-02-25T08:08:30,NA,NA,NA,NA,NA,NA,NA,NA,NA,NA,NA
246008875,live_scoring_core.events.outdoor_cricket.NewOverStarted,NA,NA,NA,NA,NA,ce796d93-66ec-4f75-a211-c84662538460,2021-02-25T08:08:41,NA,NA,NA,NA,260826,NA,NA,NA,NA,NA,NA
33866355,live_scoring_core.events.outdoor_cricket.BallBowled,NA,NA,NA,NA,NA,010fecb6-a4ba-4036-8c78-9fffaf1ac098,2021-02-25T08:09:03,NA,NA,NA,NA,NA,NA,NA,NA,NA,NA,NA
656558411,live_scoring_core.events.outdoor_cricket.BallBowled,NA,NA,NA,NA,NA,e1e67e45-abb8-4940-b589-738abd87c2d2,2021-02-25T08:09:22,NA,NA,NA,NA,NA,NA,NA,NA,NA,NA,NA
499057063,live_scoring_core.events.outdoor_cricket.BallBowled,NA,NA,NA,NA,NA,34bdb7c9-cf70-468b-bfed-b55beb9a4f77,2021-02-25T08:09:46,NA,NA,NA,NA,NA,NA,NA,NA,NA,NA,NA
665993709,live_scoring_core.events.outdoor_cricket.BallBowled,NA,NA,NA,NA,NA,b2f24d11-1df1-4149-942a-1f923df5c145,2021-02-25T08:10:02,NA,NA,NA,NA,NA,NA,NA,NA,NA,NA,NA
473760819,live_scoring_core.events.outdoor_cricket.BallBowled,NA,NA,NA,NA,NA,cc56ff7a-56a6-4f29-a548-3bfe771ea5ba,2021-02-25T08:10:17,NA,NA,NA,NA,NA,NA,NA,NA,NA,NA,NA
910163614,live_scoring_core.events.outdoor_cricket.BallBowled,NA,NA,NA,NA,NA,7eb5d82a-add6-4cc5-b60e-0e0c2f803f22,2021-02-25T08:10:34,NA,NA,NA,NA,NA,NA,NA,NA,NA,NA,NA
477280540,live_scoring_core.events.outdoor_cricket.NewOverStarted,NA,NA,NA,NA,NA,33ad32be-e2fc-4101-bbbc-b63e588f8499,2021-02-25T08:10:45,NA,NA,NA,NA,242570,NA,NA,NA,NA,NA,NA
737431285,live_scoring_core.events.outdoor_cricket.BallBowled,NA,NA,NA,NA,NA,39ca3678-e1da-4ff3-8c79-1c5a56a773ae,2021-02-25T08:11:27,NA,NA,NA,NA,NA,NA,NA,NA,NA,NA,NA
137914071,live_scoring_core.events.outdoor_cricket.BallBowled,NA,NA,NA,NA,NA,9bf81d37-1118-42d3-97a6-fbafa9cabf8b,2021-02-25T08:11:50,NA,NA,NA,NA,NA,NA,NA,NA,NA,NA,NA
929771641,live_scoring_core.events.outdoor_cricket.BallBowled,NA,NA,NA,NA,NA,d156c120-8b2f-4064-8684-30e6d666e2fd,2021-02-25T08:12:11,NA,NA,NA,NA,NA,NA,NA,NA,NA,NA,NA
456532083,live_scoring_core.events.outdoor_cricket.BallBowled,NA,NA,NA,NA,NA,bdea7a0b-ec86-4929-966d-d0443b23f52e,2021-02-25T08:12:40,NA,NA,NA,NA,NA,NA,NA,NA,NA,NA,NA
948235534,live_scoring_core.events.outdoor_cricket.BallBowled,NA,NA,NA,NA,NA,c99b9d86-217b-4c33-947f-f7170eb6b80f,2021-02-25T08:13:19,NA,NA,NA,NA,NA,NA,NA,NA,NA,NA,NA
788748960,live_scoring_core.events.outdoor_cricket.NewOverStarted,NA,NA,NA,NA,NA,6f287517-369b-4b97-9064-498af485b616,2021-02-25T08:14:11,NA,NA,NA,NA,198555,NA,NA,NA,NA,NA,NA
992114684,live_scoring_core.events.outdoor_cricket.KeeperChanged,NA,NA,NA,NA,NA,a7207250-a012-4a1b-8c52-eb6d26e2a401,2021-02-25T08:14:31,NA,NA,NA,NA,NA,NA,NA,NA,NA,NA,242570
734329065,live_scoring_core.events.outdoor_cricket.BallBowled,NA,NA,NA,NA,NA,cf59a6a5-c066-45ad-88dc-8edf62e2988f,2021-02-25T08:14:46,NA,NA,NA,NA,NA,NA,NA,NA,NA,NA,NA
60547044,live_scoring_core.events.outdoor_cricket.BallBowled,NA,NA,NA,NA,NA,7011be7f-b6a2-4b89-ac20-fafad41e4aa3,2021-02-25T08:15:03,NA,NA,NA,NA,NA,NA,NA,NA,NA,NA,NA
908197451,live_scoring_core.events.outdoor_cricket.BallBowled,NA,NA,NA,NA,NA,76192640-8792-4576-a6cf-571910408228,2021-02-25T08:15:30,NA,NA,NA,NA,NA,NA,NA,NA,NA,NA,NA
632249787,live_scoring_core.events.outdoor_cricket.BallBowled,NA,NA,NA,NA,NA,ac0a1c6b-b978-4904-b01f-567994bd5d18,2021-02-25T08:15:56,NA,NA,NA,NA,NA,NA,NA,NA,NA,NA,NA
243725456,live_scoring_core.events.outdoor_cricket.BatsmanRetired,NA,NA,NA,NA,NA,afccf38a-f5b8-4668-a130-7f6cc1691989,2021-02-25T08:16:02,NA,NA,NA,NA,NA,NA,NA,44711,NA,NA,NA
525231638,live_scoring_core.events.outdoor_cricket.NewBatsmanSelected,NA,NA,NA,NA,NA,dc2bca57-8c92-4a0a-8a3b-29f19cb6aaa1,2021-02-25T08:16:03,NA,NA,NA,NA,NA,NA,NA,NA,244413,NA,NA
508873774,live_scoring_core.events.outdoor_cricket.BallBowled,NA,NA,NA,NA,NA,cf3fb8c5-d6b1-4af6-b65d-124a5ec02c55,2021-02-25T08:16:50,NA,NA,NA,NA,NA,NA,NA,NA,NA,NA,NA
137033590,live_scoring_core.events.outdoor_cricket.BallBowled,NA,NA,NA,NA,NA,9d9a1db4-06ae-46f7-a5af-aae63047e857,2021-02-25T08:17:06,NA,NA,NA,NA,NA,NA,NA,NA,NA,NA,NA
519482532,live_scoring_core.events.outdoor_cricket.NewOverStarted,NA,NA,NA,NA,NA,8e1b37aa-923f-4ebf-a058-31cf52ac385b,2021-02-25T08:17:21,NA,NA,NA,NA,125735,NA,NA,NA,NA,NA,NA
972263159,live_scoring_core.events.outdoor_cricket.BallBowled,NA,NA,NA,NA,NA,1c5afbee-4003-48e3-ab37-e5e6797fd9a2,2021-02-25T08:18:00,NA,NA,NA,NA,NA,NA,NA,NA,NA,NA,NA
810151270,live_scoring_core.events.outdoor_cricket.BallBowled,NA,NA,NA,NA,NA,07d4e5c1-f02a-42e2-a4ac-491d561c9013,2021-02-25T08:18:39,NA,NA,NA,NA,NA,NA,NA,NA,NA,NA,NA
608797310,live_scoring_core.events.outdoor_cricket.BallBowled,NA,NA,NA,NA,NA,bfdeb3ec-06ea-4bdf-842a-1865a916ae79,2021-02-25T08:19:02,NA,NA,NA,NA,NA,NA,NA,NA,NA,NA,NA
521847801,live_scoring_core.events.outdoor_cricket.BallBowled,NA,NA,NA,NA,NA,aca7d971-cf65-42b1-b41c-6ca81e8d545b,2021-02-25T08:19:19,NA,NA,NA,NA,NA,NA,NA,NA,NA,NA,NA
444329663,live_scoring_core.events.outdoor_cricket.BallBowled,NA,NA,NA,NA,NA,01d5625b-9137-4070-ae53-f8949b7e04af,2021-02-25T08:19:47,NA,NA,NA,NA,NA,NA,NA,NA,NA,NA,NA
938997858,live_scoring_core.events.outdoor_cricket.BallBowled,NA,NA,NA,NA,NA,410e7eb1-7d9c-4161-aedb-4fcf6da741b0,2021-02-25T08:20:18,NA,NA,NA,NA,NA,NA,NA,NA,NA,NA,NA
621864296,live_scoring_core.events.outdoor_cricket.NewOverStarted,NA,NA,NA,NA,NA,1b455ad8-f649-48f2-ade3-8627c4596039,2021-02-25T08:20:30,NA,NA,NA,NA,239860,NA,NA,NA,NA,NA,NA
174198465,live_scoring_core.events.outdoor_cricket.BallBowled,NA,NA,NA,NA,NA,dfe9cb8b-caa2-4373-9187-def7a2c2041d,2021-02-25T08:21:06,NA,NA,NA,NA,NA,NA,NA,NA,NA,NA,NA
365630032,live_scoring_core.events.outdoor_cricket.BallBowled,NA,NA,NA,NA,NA,0a4b4be6-6fc2-4dd6-a264-3bdbbea49e9a,2021-02-25T08:21:42,NA,NA,NA,NA,NA,NA,NA,NA,NA,NA,NA
205443786,live_scoring_core.events.outdoor_cricket.BallBowled,NA,NA,NA,NA,NA,80127b45-f5b1-45fc-b6d8-e30983944d17,2021-02-25T08:22:01,NA,NA,NA,NA,NA,NA,NA,NA,NA,NA,NA
373069825,live_scoring_core.events.outdoor_cricket.BallBowled,NA,NA,NA,NA,NA,7a7493f8-c4eb-4d47-a4ac-737c36570db4,2021-02-25T08:22:31,NA,NA,NA,NA,NA,NA,NA,NA,NA,NA,NA
300892402,live_scoring_core.events.outdoor_cricket.BallBowled,NA,NA,NA,NA,NA,0c8ac453-eb1f-4048-ba3d-b3088b074e44,2021-02-25T08:22:51,NA,NA,NA,NA,NA,NA,NA,NA,NA,NA,NA
585594642,live_scoring_core.events.outdoor_cricket.BallBowled,NA,NA,NA,NA,NA,7cb560dd-b47d-44d3-abd0-30ba22824fc6,2021-02-25T08:23:20,NA,NA,NA,NA,NA,NA,NA,NA,NA,NA,NA
579957040,live_scoring_core.events.outdoor_cricket.NewOverStarted,NA,NA,NA,NA,NA,8909198f-7924-4770-a2f2-398707b11b59,2021-02-25T08:23:46,NA,NA,NA,NA,125735,NA,NA,NA,NA,NA,NA
543624355,live_scoring_core.events.outdoor_cricket.BallBowled,NA,NA,NA,NA,NA,b22fa78a-f270-4551-9392-50f0d33e7f24,2021-02-25T08:24:07,NA,NA,NA,NA,NA,NA,NA,NA,NA,NA,NA
62042764,live_scoring_core.events.outdoor_cricket.BallBowled,NA,NA,NA,NA,NA,742971d9-58a6-44e6-bffb-530db8c77aab,2021-02-25T08:24:34,NA,NA,NA,NA,NA,NA,NA,NA,NA,NA,NA
545536996,live_scoring_core.events.outdoor_cricket.BallBowled,NA,NA,NA,NA,NA,a0ce1769-bbb0-459a-bfe2-6381608db545,2021-02-25T08:25:12,NA,NA,NA,NA,NA,NA,NA,NA,NA,NA,NA
836338754,live_scoring_core.events.outdoor_cricket.BallBowled,NA,NA,NA,NA,NA,09eef32d-4a19-4323-ab21-49bc0fc31fce,2021-02-25T08:25:31,NA,NA,NA,NA,NA,NA,NA,NA,NA,NA,NA
237013517,live_scoring_core.events.outdoor_cricket.BallBowled,NA,NA,NA,NA,NA,5395bad0-f957-4d3f-9bef-36c41bd9347e,2021-02-25T08:25:59,NA,NA,NA,NA,NA,NA,NA,NA,NA,NA,NA
413125297,live_scoring_core.events.outdoor_cricket.BatsmanRetired,NA,NA,NA,NA,NA,9ef201b0-7cc2-468b-8b7e-4c2c263f87df,2021-02-25T08:26:06,NA,NA,NA,NA,NA,NA,NA,78000,NA,NA,NA
15005631,live_scoring_core.events.outdoor_cricket.NewBatsmanSelected,NA,NA,NA,NA,NA,3cd27005-fdc7-4f35-9a16-46915c3d7765,2021-02-25T08:26:12,NA,NA,NA,NA,NA,NA,NA,NA,244414,NA,NA
94408664,live_scoring_core.events.outdoor_cricket.BallBowled,NA,NA,NA,NA,NA,585cdc2f-a545-47e1-b81b-3c967454e2e8,2021-02-25T08:26:47,NA,NA,NA,NA,NA,NA,NA,NA,NA,NA,NA
265887141,live_scoring_core.events.outdoor_cricket.NewOverStarted,NA,NA,NA,NA,NA,a724a325-643a-49a0-859a-eee5ecd5f1db,2021-02-25T08:27:02,NA,NA,NA,NA,239859,NA,NA,NA,NA,NA,NA
1028712717,live_scoring_core.events.outdoor_cricket.BallBowled,NA,NA,NA,NA,NA,79652763-0d16-4422-aee4-7f7e3b428753,2021-02-25T08:27:38,NA,NA,NA,NA,NA,NA,NA,NA,NA,NA,NA
198579193,live_scoring_core.events.outdoor_cricket.BallBowled,NA,NA,NA,NA,NA,689ca5de-853c-46d2-89c4-643fe8c8e02f,2021-02-25T08:28:09,NA,NA,NA,NA,NA,NA,NA,NA,NA,NA,NA
413252258,live_scoring_core.events.outdoor_cricket.BallBowled,NA,NA,NA,NA,NA,f384f8dc-e9c1-4766-b4f8-410b2fbebaba,2021-02-25T08:28:38,NA,NA,NA,NA,NA,NA,NA,NA,NA,NA,NA
766883472,live_scoring_core.events.outdoor_cricket.BallBowled,NA,NA,NA,NA,NA,fa283065-b2b2-4c42-a113-67b5368b8e5c,2021-02-25T08:28:57,NA,NA,NA,NA,NA,NA,NA,NA,NA,NA,NA
444362786,live_scoring_core.events.outdoor_cricket.BallBowled,NA,NA,NA,NA,NA,215711cc-fd2e-4970-9128-2d2f060e5f3f,2021-02-25T08:29:34,NA,NA,NA,NA,NA,NA,NA,NA,NA,NA,NA
1073293604,live_scoring_core.events.outdoor_cricket.BallBowled,NA,NA,NA,NA,NA,47a21b47-29b6-4afe-b18b-b0f4a7feefd2,2021-02-25T08:29:55,NA,NA,NA,NA,NA,NA,NA,NA,NA,NA,NA
730781395,live_scoring_core.events.outdoor_cricket.NewOverStarted,NA,NA,NA,NA,NA,3343a5a0-7817-48b2-a02e-d28aefdcfa9b,2021-02-25T08:30:16,NA,NA,NA,NA,260826,NA,NA,NA,NA,NA,NA
624490302,live_scoring_core.events.outdoor_cricket.BallBowled,NA,NA,NA,NA,NA,8a7ca3ff-ad47-4a5a-b804-d19eb04b7ab0,2021-02-25T08:30:42,NA,NA,NA,NA,NA,NA,NA,NA,NA,NA,NA
875897759,live_scoring_core.events.outdoor_cricket.BallBowled,NA,NA,NA,NA,NA,07085c9e-4f97-4c9e-9cf7-826c1ba87f3a,2021-02-25T08:31:09,NA,NA,NA,NA,NA,NA,NA,NA,NA,NA,NA
577656330,live_scoring_core.events.outdoor_cricket.BallBowled,NA,NA,NA,NA,NA,82b72d76-7ac2-4b41-9e2d-20a1f743ccec,2021-02-25T08:31:34,NA,NA,NA,NA,NA,NA,NA,NA,NA,NA,NA
459894124,live_scoring_core.events.outdoor_cricket.BallBowled,NA,NA,NA,NA,NA,27ca90b4-c3e7-4d16-ba46-1fa0144b3217,2021-02-25T08:32:10,NA,NA,NA,NA,NA,NA,NA,NA,NA,NA,NA
1019901457,live_scoring_core.events.outdoor_cricket.BallBowled,NA,NA,NA,NA,NA,ac3b45bb-64ca-4ed7-a6b5-b7d7d987f1ab,2021-02-25T08:32:34,NA,NA,NA,NA,NA,NA,NA,NA,NA,NA,NA
151073439,live_scoring_core.events.outdoor_cricket.NewOverStarted,NA,NA,NA,NA,NA,9dfc1054-2795-4eab-a33e-55a157ae9c67,2021-02-25T08:32:48,NA,NA,NA,NA,243716,NA,NA,NA,NA,NA,NA
354179386,live_scoring_core.events.outdoor_cricket.BallBowled,NA,NA,NA,NA,NA,78922523-c7dc-4217-a857-662a072b592f,2021-02-25T08:33:25,NA,NA,NA,NA,NA,NA,NA,NA,NA,NA,NA
421931594,live_scoring_core.events.outdoor_cricket.BallBowled,NA,NA,NA,NA,NA,5c83b63c-e5b5-4db1-9e5b-b8a3b6d09aca,2021-02-25T08:33:43,NA,NA,NA,NA,NA,NA,NA,NA,NA,NA,NA
707458174,live_scoring_core.events.outdoor_cricket.FielderChanged,NA,NA,NA,NA,NA,1487a433-5430-49a0-8b43-272221299153,2021-02-25T08:34:27,NA,NA,NA,NA,NA,NA,NA,NA,NA,239860,NA
804862097,live_scoring_core.events.outdoor_cricket.BallBowled,NA,NA,NA,NA,NA,21cf70c5-dd6f-4974-88d6-9b914ed8284c,2021-02-25T08:34:27,NA,NA,NA,NA,NA,NA,NA,NA,NA,NA,NA
448241985,live_scoring_core.events.outdoor_cricket.NewBatsmanSelected,NA,NA,NA,NA,NA,5f8ba7b7-590c-45b6-9f32-5ece179b7944,2021-02-25T08:34:31,NA,NA,NA,NA,NA,NA,NA,NA,245620,NA,NA
297768083,live_scoring_core.events.outdoor_cricket.BallBowled,NA,NA,NA,NA,NA,689f1b7b-3105-4013-b272-f96100429970,2021-02-25T08:34:58,NA,NA,NA,NA,NA,NA,NA,NA,NA,NA,NA
164697260,live_scoring_core.events.outdoor_cricket.BallBowled,NA,NA,NA,NA,NA,d92ab080-07dc-4d9d-9d82-1afa388a3759,2021-02-25T08:35:15,NA,NA,NA,NA,NA,NA,NA,NA,NA,NA,NA
509199890,live_scoring_core.events.outdoor_cricket.NewOverStarted,NA,NA,NA,NA,NA,80270dba-a07d-4ed1-bc70-0e56c058d854,2021-02-25T08:35:30,NA,NA,NA,NA,239859,NA,NA,NA,NA,NA,NA
25294521,live_scoring_core.events.outdoor_cricket.BallBowled,NA,NA,NA,NA,NA,c3c8fc3f-ffba-4d9c-ae20-3924067d6858,2021-02-25T08:36:07,NA,NA,NA,NA,NA,NA,NA,NA,NA,NA,NA
48367243,live_scoring_core.events.outdoor_cricket.GameBonusPointsAwarded,NA,NA,NA,NA,NA,17daf845-63e5-4524-9397-53a49d79d82d,2021-02-25T08:36:12,NA,NA,NA,NA,NA,NA,NA,NA,NA,NA,NA
912170335,live_scoring_core.events.FixtureFinished,NA,NA,NA,NA,NA,6932eada-7923-4783-81eb-7a5c03c50995,2021-02-25T08:36:12,NA,NA,NA,NA,NA,NA,NA,NA,NA,NA,NA
