MatchId,MatchName,LeagueName,SeasonName,StartDateTime,battingFirstName,battingFirstId,bowlingFirstName,bowlingFirstId,battingFirstScoreRuns,battingFirstScoreWickets,battingFirstScoreOvers,battingFirstScoreBalls,bowlingFirstScoreRuns,bowlingFirstScoreWickets,bowlingFirstScoreOvers,bowlingFirstScoreBalls,league_id,season_id
268470,Round 1,JJ Holland Midweek,2019 Spring,2019-10-21T06:33:37Z,Poms & Convicts,17119,The Nutty Cuckoo Super Kings,18132,169,4,20,0,173,2,15,4,1398,105
268469,Round 1,JJ Holland Midweek,2019 Spring,2019-10-21T06:48:36Z,Batty Boys,5888,Workers Club Lions,16726,180,2,20,0,170,2,20,0,1398,105
268471,Round 1,JJ Holland Midweek,2019 Spring,2019-10-24T06:42:53Z,The Hunts,9013,The Michael Bevans,11117,194,3,20,0,197,3,18,1,1398,105
268474,Round 2,JJ Holland Midweek,2019 Spring,2019-10-28T06:35:43Z,Batty Boys,5888,Poms & Convicts,17119,216,4,20,0,69,8,15,2,1398,105
268473,Round 2,JJ Holland Midweek,2019 Spring,2019-10-28T06:40:11Z,The Hunts,9013,Workers Club Lions,16726,171,3,20,0,145,5,20,0,1398,105
268472,Round 2,JJ Holland Midweek,2019 Spring,2019-10-31T06:42:02Z,The Nutty Cuckoo Super Kings,18132,The Michael Bevans,11117,97,8,16,0,101,1,9,3,1398,105
268480,Round 4,JJ Holland Midweek,2019 Spring,2019-11-11T06:31:24Z,The Hunts,9013,The Nutty Cuckoo Super Kings,18132,208,3,20,0,133,8,17,1,1398,105
268478,Round 4,JJ Holland Midweek,2019 Spring,2019-11-11T06:42:39Z,Workers Club Lions,16726,Poms & Convicts,17119,169,3,20,0,143,5,20,0,1398,105
268479,Round 4,JJ Holland Midweek,2019 Spring,2019-11-14T06:43:51Z,Batty Boys,5888,The Michael Bevans,11117,172,3,20,0,154,4,20,0,1398,105
268481,Round 5,JJ Holland Midweek,2019 Spring,2019-11-18T06:38:11Z,The Hunts,9013,Poms & Convicts,17119,235,4,20,0,156,5,20,0,1398,105
268482,Round 5,JJ Holland Midweek,2019 Spring,2019-11-18T06:38:51Z,The Nutty Cuckoo Super Kings,18132,Batty Boys,5888,148,3,20,0,151,3,13,3,1398,105
268483,Round 5,JJ Holland Midweek,2019 Spring,2019-11-21T06:45:09Z,Workers Club Lions,16726,The Michael Bevans,11117,210,6,20,0,127,2,20,0,1398,105
268484,Round 6,JJ Holland Midweek,2019 Spring,2019-11-25T06:37:11Z,Poms & Convicts,17119,The Nutty Cuckoo Super Kings,18132,119,7,18,1,120,5,18,0,1398,105
268485,Round 6,JJ Holland Midweek,2019 Spring,2019-11-25T06:48:30Z,Batty Boys,5888,Workers Club Lions,16726,128,7,20,0,122,3,20,0,1398,105
268486,Round 6,JJ Holland Midweek,2019 Spring,2019-11-28T06:39:57Z,The Hunts,9013,The Michael Bevans,11117,233,3,20,0,159,5,20,0,1398,105
268489,Round 7,JJ Holland Midweek,2019 Spring,2019-12-02T06:37:38Z,Poms & Convicts,17119,Batty Boys,5888,143,4,20,0,145,5,16,2,1398,105
268488,Round 7,JJ Holland Midweek,2019 Spring,2019-12-02T06:43:36Z,The Hunts,9013,Workers Club Lions,16726,190,6,20,0,148,3,20,0,1398,105
268487,Round 7,JJ Holland Midweek,2019 Spring,2019-12-05T06:37:05Z,The Michael Bevans,11117,The Nutty Cuckoo Super Kings,18132,177,8,19,2,144,6,20,0,1398,105
268475,Round 3,JJ Holland Midweek,2019 Spring,2019-12-09T06:37:36Z,Batty Boys,5888,The Hunts,9013,210,4,20,0,156,5,20,0,1398,105
268477,Round 3,JJ Holland Midweek,2019 Spring,2019-12-09T06:49:46Z,Workers Club Lions,16726,The Nutty Cuckoo Super Kings,18132,164,3,20,0,125,6,20,0,1398,105
268476,Round 3,JJ Holland Midweek,2019 Spring,2019-12-12T06:41:36Z,Poms & Convicts,17119,The Michael Bevans,11117,172,4,20,0,141,7,20,0,1398,105
268521,Semi Final 2,JJ Holland Midweek,2019 Spring,2019-12-16T06:32:32Z,The Hunts,9013,Workers Club Lions,16726,233,3,20,0,140,7,20,0,1398,105
268520,Semi Final 1,JJ Holland Midweek,2019 Spring,2019-12-16T06:38:41Z,Batty Boys,5888,The Michael Bevans,11117,172,5,20,0,133,4,20,0,1398,105
268522,Grand Final,JJ Holland Midweek,2019 Spring,2019-12-19T06:43:49Z,Batty Boys,5888,The Hunts,9013,185,7,20,0,176,5,20,0,1398,105
277701,Round 1,Inner West Midweek,2020 Spring,2020-01-16T06:38:32Z,The Hunts,9013,Workers Club Lions,16726,165,6,20,0,170,2,15,1,1398,110
277700,Round 1,Inner West Midweek,2020 Spring,2020-01-16T06:46:01Z,The Michael Bevans,11117,Poms & Convicts,17119,129,6,20,0,133,2,16,0,1398,110
277703,Round 2,Inner West Midweek Summer,2020 Spring,2020-01-21T06:41:18Z,The Nutty Cuckoo Super Kings,18132,The Hunts,9013,115,7,20,0,121,4,13,1,1398,110
277702,Round 2,Inner West Midweek Summer,2020 Spring,2020-01-23T06:42:33Z,The Michael Bevans,11117,Workers Club Lions,16726,116,5,20,0,117,0,8,1,1398,110
277706,Round 3,Inner West Midweek Summer,2020 Spring,2020-01-28T06:36:12Z,Workers Club Lions,16726,Major Paine,18659,145,5,20,0,129,6,20,0,1398,110
277705,Round 3,Inner West Midweek Summer,2020 Spring,2020-01-30T06:46:29Z,The Hunts,9013,Batty Boys,5888,194,2,20,0,182,4,20,0,1398,110
277708,Round 4,Inner West Midweek Summer,2020 Spring,2020-02-04T06:36:35Z,The Nutty Cuckoo Super Kings,18132,Major Paine,18659,158,3,20,0,151,5,20,0,1398,110
277709,Round 4,Inner West Midweek Summer,2020 Spring,2020-02-06T06:30:05Z,Batty Boys,5888,Workers Club Lions,16726,116,8,17,2,119,2,14,2,1398,110
277710,Round 4,Inner West Midweek Summer,2020 Spring,2020-02-06T06:44:16Z,The Michael Bevans,11117,The Hunts,9013,162,3,20,0,163,3,15,3,1398,110
277711,Round 5,Inner West Midweek Summer,2020 Spring,2020-02-10T06:34:55Z,Major Paine,18659,The Hunts,9013,168,7,20,0,171,4,17,4,1398,110
277713,Round 5,Inner West Midweek Summer,2020 Spring,2020-02-11T06:31:17Z,Workers Club Lions,16726,The Nutty Cuckoo Super Kings,18132,201,4,20,0,138,3,20,0,1398,110
277712,Round 5,Inner West Midweek Summer,2020 Spring,2020-02-13T06:38:03Z,Batty Boys,5888,The Michael Bevans,11117,172,6,20,0,174,4,17,3,1398,110
277699,Round 1,Inner West Midweek Summer,2020 Spring,2020-02-17T06:37:15Z,The Nutty Cuckoo Super Kings,18132,Batty Boys,5888,106,2,20,0,110,4,13,4,1398,110
277715,Round 6,Inner West Midweek Summer,2020 Spring,2020-02-20T06:32:51Z,Batty Boys,5888,The Nutty Cuckoo Super Kings,18132,193,4,20,0,178,4,20,0,1398,110
277714,Round 6,Inner West Midweek Summer,2020 Spring,2020-02-20T06:40:23Z,Major Paine,18659,The Michael Bevans,11117,132,4,20,0,126,7,20,0,1398,110
277719,Round 7,Inner West Midweek Summer,2020 Spring,2020-02-27T06:36:31Z,Batty Boys,5888,Major Paine,18659,190,3,20,0,169,4,20,0,1398,110
277717,Round 7,Inner West Midweek Summer,2020 Spring,2020-02-27T06:39:17Z,Workers Club Lions,16726,The Michael Bevans,11117,92,8,14,4,93,4,13,4,1398,110
277720,Round 8,Inner West Midweek Summer,2020 Spring,2020-03-03T06:43:40Z,Batty Boys,5888,The Hunts,9013,150,5,20,0,151,3,17,4,1398,110
281503,Round,Inner West Midweek Summer,2020 Spring,2020-03-10T06:18:58Z,Major Paine,18659,The Nutty Cuckoo Super Kings,18132,180,6,20,0,99,6,20,0,1398,110
277723,Round 9,Inner West Midweek Summer,2020 Spring,2020-03-12T06:25:43Z,Workers Club Lions,16726,Batty Boys,5888,201,4,20,0,202,3,16,4,1398,110
277724,Round 9,Inner West Midweek Summer,2020 Spring,2020-03-12T06:26:24Z,The Michael Bevans,11117,The Hunts,9013,189,4,20,0,180,6,20,0,1398,110
281019,Semi Final 1 vs 4,Inner West Midweek Summer,2020 Spring,2020-03-16T06:22:44Z,Major Paine,18659,Workers Club Lions,16726,217,1,20,0,153,8,18,0,1398,110
281020,Semi Final 2 vs 3,Inner West Midweek Summer,2020 Spring,2020-03-17T06:21:26Z,The Hunts,9013,Batty Boys,5888,169,8,19,4,104,8,18,3,1398,110
281021,Grand Final,Inner West Midweek Summer,2020 Spring,2020-03-19T06:19:02Z,The Hunts,9013,Major Paine,18659,182,6,20,0,156,7,20,0,1398,110
299891,Round 1,JJ Holland Midweek,2020,2020-11-02T06:35:10Z,The Nutty Cuckoo Super Kings,18132,The Hunts,9013,166,2,20,0,163,6,20,0,1398,112
299893,Round 1,JJ Holland Midweek,2020,2020-11-05T06:40:39Z,The Michael Bevans,11117,Major Paine,18659,191,8,20,0,134,4,20,0,1398,112
299892,Round 1,JJ Holland Midweek,2020,2020-11-05T06:43:26Z,Workers Club Lions,16726,Doghouse,14922,201,5,20,0,136,6,20,0,1398,112
299895,Round 2,JJ Holland Midweek,2020,2020-11-09T06:30:55Z,The Nutty Cuckoo Super Kings,18132,Major Paine,18659,171,5,20,0,173,3,18,3,1398,112
299896,Round 2,JJ Holland Midweek,2020,2020-11-12T06:30:09Z,Doghouse,14922,The Hunts,9013,154,5,20,0,157,4,19,0,1398,112
299894,Round 2,JJ Holland Midweek,2020,2020-11-12T06:42:31Z,The Michael Bevans,11117,Workers Club Lions,16726,146,5,20,0,148,6,18,3,1398,112
299897,Round 3,JJ Holland Midweek,2020,2020-11-16T06:34:19Z,The Hunts,9013,Major Paine,18659,133,8,19,0,134,4,19,3,1398,112
299899,Round 3,JJ Holland Midweek,2020,2020-11-19T06:27:57Z,The Nutty Cuckoo Super Kings,18132,Workers Club Lions,16726,164,4,20,0,111,8,17,1,1398,112
299898,Round 3,JJ Holland Midweek,2020,2020-11-19T06:48:22Z,The Michael Bevans,11117,Doghouse,14922,90,8,15,4,94,0,8,1,1398,112
299900,Round 4,JJ Holland Midweek,2020,2020-11-23T06:21:33Z,The Nutty Cuckoo Super Kings,18132,Doghouse,14922,161,4,20,0,163,1,18,0,1398,112
299902,Round 4,JJ Holland Midweek,2020,2020-11-26T06:34:36Z,Major Paine,18659,Workers Club Lions,16726,118,8,16,2,100,8,16,1,1398,112
299901,Round 4,JJ Holland Midweek,2020,2020-11-26T06:36:19Z,The Hunts,9013,The Michael Bevans,11117,193,5,20,0,142,6,20,0,1398,112
299904,Round 5,JJ Holland Midweek,2020,2020-11-30T06:31:40Z,The Hunts,9013,Workers Club Lions,16726,213,0,20,0,197,4,20,0,1398,112
299903,Round 5,JJ Holland Midweek,2020,2020-12-03T06:26:50Z,Major Paine,18659,Doghouse,14922,141,4,20,0,39,8,7,4,1398,112
299905,Round 5,JJ Holland Midweek,2020,2020-12-03T06:53:46Z,The Nutty Cuckoo Super Kings,18132,The Michael Bevans,11117,185,4,20,0,184,6,20,0,1398,112
299906,Semi Final 1 vs 4,JJ Holland Midweek,2020,2020-12-07T06:39:27Z,Workers Club Lions,16726,Major Paine,18659,190,5,20,0,173,5,20,0,1398,112
299907,Semi Final 2 vs 3,JJ Holland Midweek,2020,2020-12-07T06:41:26Z,The Hunts,9013,The Nutty Cuckoo Super Kings,18132,188,7,20,0,157,3,20,0,1398,112
299908,B GRADE SEMI 5 vs 6 - Winner Plays Ross Straw Semi Winner,JJ Holland Midweek,2020,2020-12-10T06:42:42Z,The Michael Bevans,11117,Doghouse,14922,119,6,20,0,120,1,12,0,1398,112
301432,GRAND FINAL,JJ Holland Midweek,2020,2020-12-17T06:34:49Z,The Hunts,9013,Workers Club Lions,16726,116,8,17,4,118,4,16,0,1398,112
301479,3 vs 4 Epic Showdown,JJ Holland Midweek,2020,2020-12-17T06:37:22Z,The Nutty Cuckoo Super Kings,18132,Major Paine,18659,188,4,20,0,136,3,20,0,1398,112
305337,Home Team :	  Please select a home team,JJ Holland Midweek,2021 Summer,2021-01-14T06:36:51Z,The Hunts,9013,The Nutty Cuckoo Super Kings,18132,135,4,20,0,97,8,16,2,1398,114
305336,Home Team :	  Please select a home team,JJ Holland Midweek,2021 Summer,2021-01-14T06:53:41Z,Workers Club Lions,16726,Major Paine,18659,117,8,18,4,120,2,14,0,1398,114
305339,Round 2,JJ Holland Midweek,2021 Summer,2021-01-21T06:34:29Z,Workers Club Lions,16726,The Hunts,9013,132,4,20,0,133,5,18,2,1398,114
305338,Round 2,JJ Holland Midweek,2021 Summer,2021-01-21T06:39:31Z,Major Paine,18659,The Nutty Cuckoo Super Kings,18132,195,6,20,0,196,1,18,1,1398,114
305505,Round 3,JJ Holland Midweek,2021 Summer,2021-01-28T06:37:47Z,Workers Club Lions,16726,The Nutty Cuckoo Super Kings,18132,181,4,20,0,182,3,19,3,1398,114
305506,Round 3,JJ Holland Midweek,2021 Summer,2021-01-28T06:44:28Z,The Hunts,9013,Major Paine,18659,124,6,20,0,125,2,15,0,1398,114
305508,Round 4,JJ Holland Midweek,2021 Summer,2021-02-04T06:43:43Z,The Hunts,9013,The Nutty Cuckoo Super Kings,18132,220,3,20,0,140,8,17,1,1398,114
305507,Round 4,JJ Holland Midweek,2021 Summer,2021-02-04T06:46:56Z,Major Paine,18659,Workers Club Lions,16726,124,6,20,0,116,6,20,0,1398,114
305512,Round 5,JJ Holland Midweek,2021 Summer,2021-02-11T06:42:46Z,The Hunts,9013,Workers Club Lions,16726,130,6,20,0,131,4,14,3,1398,114
305511,Round 5,JJ Holland Midweek,2021 Summer,2021-02-11T06:45:04Z,The Nutty Cuckoo Super Kings,18132,Major Paine,18659,106,8,19,4,107,4,15,0,1398,114
305509,Round 6,JJ Holland Midweek,2021 Summer,2021-02-18T06:46:44Z,The Hunts,9013,Major Paine,18659,185,5,20,0,154,4,20,0,1398,114
305510,Round 6,JJ Holland Midweek,2021 Summer,2021-02-18T06:53:18Z,Workers Club Lions,16726,The Nutty Cuckoo Super Kings,18132,188,3,20,0,125,8,18,0,1398,114
305513,Round 7,JJ Holland Midweek,2021 Summer,2021-02-25T06:40:08Z,Major Paine,18659,Workers Club Lions,16726,105,8,19,1,64,8,15,1,1398,114
305514,Round 7,JJ Holland Midweek,2021 Summer,2021-02-25T06:47:33Z,The Nutty Cuckoo Super Kings,18132,The Hunts,9013,165,5,20,0,169,2,16,1,1398,114
306943,NA,JJ Holland / Ross Straw Midweek Minor Championship,2021 Summer,2021-03-01T06:28:01Z,Prahraners,10480,Workers Club Lions,16726,218,4,20,0,135,7,20,0,1398,114
306942,NA,JJ Holland / Ross Straw Midweek Minor Championship,2021 Summer,2021-03-01T06:35:54Z,St Peter's Cricket Club,18295,The Nutty Cuckoo Super Kings,18132,163,5,20,0,106,4,20,0,1398,114
307423,NA,JJ Holland / Ross Straw Midweek Minor Championship,2021 Summer,2021-03-11T06:23:27Z,Workers Club Lions,16726,The Nutty Cuckoo Super Kings,18132,145,8,19,3,148,0,13,3,1398,114
306944,GRAND FINAL,JJ Holland / Ross Straw Midweek Minor Championship,2021 Summer,2021-03-11T06:32:05Z,Prahraners,10480,St Peter's Cricket Club,18295,151,9,17,1,120,7,20,0,1398,114
316021,Round 1,Newport Autumn Sundays,2021 Autumn,2021-04-10T23:46:33Z,Mustangs,20237,Melbourne Dolphins,19542,184,3,20,0,76,8,12,4,3476,117
316022,Round 1,Newport Autumn Sundays,2021 Autumn,2021-04-11T02:00:02Z,The Nutty Cuckoo Super Kings,18132,V8s,20205,109,8,17,0,110,2,15,2,3476,117
316024,Round 2,Newport Autumn Sundays,2021 Autumn,2021-04-14T09:07:14Z,V8s,20205,Newport Nellies,20301,171,7,20,0,127,5,20,0,3476,117
316025,Round 2,Newport Autumn Sundays,2021 Autumn,2021-04-18T01:42:51Z,Mustangs,20237,FUCCC Blue,20239,175,7,20,0,112,8,16,1,3476,117
316026,Round 2,Newport Autumn Sundays,2021 Autumn,2021-04-18T04:03:49Z,Melbourne Dolphins,19542,The Nutty Cuckoo Super Kings,18132,151,5,20,0,124,4,20,0,3476,117
316027,Round 3,Newport Autumn Sundays,2021 Autumn,2021-05-01T23:26:46Z,Melbourne Dolphins,19542,FUCCC Blue,20239,179,3,20,0,178,6,20,0,3476,117
316028,Round 3,Newport Autumn Sundays,2021 Autumn,2021-05-02T02:06:05Z,The Nutty Cuckoo Super Kings,18132,Newport Nellies,20301,139,6,20,0,141,7,17,1,3476,117
316029,Round 3,Newport Autumn Sundays,2021 Autumn,2021-05-02T04:10:19Z,V8s,20205,Mustangs,20237,94,8,16,4,69,8,12,0,3476,117
316031,Round 4,Newport Autumn Sundays,2021 Autumn,2021-05-08T23:36:29Z,Newport Nellies,20301,Melbourne Dolphins,19542,150,5,20,0,151,2,15,3,3476,117
316030,Round 4,Newport Autumn Sundays,2021 Autumn,2021-05-09T01:55:27Z,Mustangs,20237,The Nutty Cuckoo Super Kings,18132,150,4,20,0,128,8,16,1,3476,117
316034,Round 5,Newport Autumn Sundays,2021 Autumn,2021-05-15T23:39:07Z,V8s,20205,Melbourne Dolphins,19542,122,4,20,0,126,5,19,4,3476,117
316033,Round 5,Newport Autumn Sundays,2021 Autumn,2021-05-16T01:51:58Z,The Nutty Cuckoo Super Kings,18132,FUCCC Blue,20239,124,6,20,0,127,4,16,2,3476,117
316035,Round 5,Newport Autumn Sundays,2021 Autumn,2021-05-16T04:15:26Z,Mustangs,20237,Newport Nellies,20301,97,8,15,4,98,1,12,4,3476,117
316037,Round 6,Newport Autumn Sundays,2021 Autumn,2021-05-22T23:37:41Z,Melbourne Dolphins,19542,Mustangs,20237,199,3,20,0,191,4,20,0,3476,117
316036,Round 6,Newport Autumn Sundays,2021 Autumn,2021-05-23T02:07:20Z,The Nutty Cuckoo Super Kings,18132,V8s,20205,134,5,20,0,136,0,14,0,3476,117
316038,Round 6,Newport Autumn Sundays,2021 Autumn,2021-05-23T04:16:35Z,Newport Nellies,20301,FUCCC Blue,20239,186,2,20,0,111,6,20,0,3476,117
316048,Round 10,Newport Autumn Sundays,2021 Autumn,2021-06-19T23:31:16Z,V8s,20205,Melbourne Dolphins,19542,136,6,20,0,126,6,20,0,3476,117
316047,Round 10,Newport Autumn Sundays,2021 Autumn,2021-06-20T02:05:28Z,Newport Nellies,20301,Mustangs,20237,147,5,20,0,120,8,16,4,3476,117
316049,Round 10,Newport Autumn Sundays,2021 Autumn,2021-06-20T04:17:21Z,FUCCC Blue,20239,The Nutty Cuckoo Super Kings,18132,106,7,19,0,69,8,11,3,3476,117
316055,Round 7,Newport Autumn Sundays,2021 Autumn,2021-06-26T23:38:03Z,The Nutty Cuckoo Super Kings,18132,Melbourne Dolphins,19542,174,2,20,0,177,6,19,3,3476,117
316039,Round 7,Newport Autumn Sundays,2021 Autumn,2021-06-27T01:55:09Z,V8s,20205,Newport Nellies,20301,154,2,20,0,131,7,20,0,3476,117
316032,Round 4,Newport Autumn Sundays,2021 Autumn,2021-07-03T23:35:40Z,V8s,20205,FUCCC Blue,20239,182,3,20,0,125,8,19,1,3476,117
316044,Round 9,Newport Autumn Sundays,2021 Autumn,2021-07-04T01:56:00Z,Newport Nellies,20301,Melbourne Dolphins,19542,163,5,20,0,166,6,19,0,3476,117
316046,Round 9,Newport Autumn Sundays,2021 Autumn,2021-07-04T04:12:22Z,The Nutty Cuckoo Super Kings,18132,Mustangs,20237,172,5,20,0,135,8,17,3,3476,117
316041,Round 8,Newport Autumn Sundays,2021 Autumn,2021-07-10T23:34:23Z,Newport Nellies,20301,The Nutty Cuckoo Super Kings,18132,175,7,18,3,153,7,20,0,3476,117
316042,Round 8,Newport Autumn Sundays,2021 Autumn,2021-07-11T01:58:33Z,Melbourne Dolphins,19542,FUCCC Blue,20239,187,6,20,0,139,5,20,0,3476,117
316043,Round 8,Newport Autumn Sundays,2021 Autumn,2021-07-11T04:10:58Z,Mustangs,20237,V8s,20205,158,4,20,0,159,1,19,1,3476,117
316045,Round 9,Newport Autumn Sundays,2021 Autumn,2021-08-01T01:54:34Z,V8s,20205,FUCCC Blue,20239,96,7,20,0,99,2,17,4,3476,117
316023,Round 1,Newport Autumn Sundays,2021 Autumn,2021-08-01T04:19:35Z,FUCCC Blue,20239,Newport Nellies,20301,170,2,20,0,171,2,20,0,3476,117
335300,Round 1,City Midweek Div 2,2021 Spring,2021-11-04T06:42:51Z,The Nutty Cuckoo Super Kings,18132,Four Fox Ache,16726,162,5,20,0,136,7,20,0,2856,115
335304,Round 2,City Midweek Div 2,2021 Spring,2021-11-08T06:36:03Z,The Nutty Cuckoo Super Kings,18132,Dusk Risers,19555,170,6,20,0,148,8,19,0,2856,115
335305,Round 2,City Midweek Div 2,2021 Spring,2021-11-08T06:48:03Z,Rhodesian Warthogs,19443,Four Fox Ache,16726,177,3,20,0,142,4,20,0,2856,115
335303,Round 2,City Midweek Div 2,2021 Spring,2021-11-08T06:48:47Z,We've got the Runs,18538,Viper heat,19394,160,4,20,0,113,7,20,0,2856,115
335307,Round 3,City Midweek Div 2,2021 Spring,2021-11-15T06:37:55Z,The Nutty Cuckoo Super Kings,18132,Rhodesian Warthogs,19443,144,7,20,0,136,4,20,0,2856,115
335306,Round 3,City Midweek Div 2,2021 Spring,2021-11-15T06:42:58Z,Loose At The Moose,18320,Dusk Risers,19555,170,3,20,0,112,4,20,0,2856,115
336818,Round 3,City Midweek Div 2,2021 Spring,2021-11-15T06:56:52Z,Brits Abroad,18363,Viper heat,19394,147,5,20,0,121,8,17,2,2856,115
335308,Round 3,City Midweek Div 2,2021 Spring,2021-11-17T06:41:58Z,We've got the Runs,18538,Four Fox Ache,16726,82,8,15,4,84,3,10,2,2856,115
335309,Round 4,City Midweek Div 2,2021 Spring,2021-11-22T06:46:42Z,Dusk Risers,19555,Rhodesian Warthogs,19443,83,8,14,2,88,2,9,0,2856,115
336819,Round 4,City Midweek Div 2,2021 Spring,2021-11-22T06:49:45Z,Four Fox Ache,16726,Brits Abroad,18363,140,5,20,0,143,2,17,1,2856,115
316050,Semi Final 1,Newport Autumn Sundays,2021 Autumn,2021-11-22T06:54:24Z,FUCCC Blue,20239,V8s,20205,96,8,15,4,98,2,14,1,3476,117
335310,Round 4,City Midweek Div 2,2021 Spring,2021-11-22T06:55:42Z,Loose At The Moose,18320,Viper heat,19394,148,4,20,0,154,1,15,3,2856,115
335314,Round 5,City Midweek Div 2,2021 Spring,2021-11-23T02:55:10Z,Loose At The Moose,18320,Four Fox Ache,16726,187,2,20,0,154,4,20,0,2856,115
335321,Semi Final 1,City Midweek Div 2,2021 Spring,2021-11-23T02:59:37Z,Brits Abroad,18363,Loose At The Moose,18320,195,2,20,0,175,4,20,0,2856,115
335323,Final,City Midweek Div 2,2021 Spring,2021-11-23T03:01:40Z,Brits Abroad,18363,The Nutty Cuckoo Super Kings,18132,138,8,17,3,139,0,12,2,2856,115
336825,NA,City Midweek Div 2,2021 Spring,2021-11-23T03:03:32Z,Loose At The Moose,18320,Rhodesian Warthogs,19443,156,7,18,4,157,2,16,4,2856,115
335311,Round 4,City Midweek Div 2,2021 Spring,2021-11-24T06:43:43Z,We've got the Runs,18538,The Nutty Cuckoo Super Kings,18132,142,6,20,0,145,5,17,3,2856,115
336820,Round 5,City Midweek Div 2,2021 Spring,2021-11-29T06:36:48Z,The Nutty Cuckoo Super Kings,18132,Brits Abroad,18363,136,8,16,4,140,2,11,3,2856,115
335313,Round 5,City Midweek Div 2,2021 Spring,2021-11-29T06:47:52Z,Viper heat,19394,Dusk Risers,19555,161,3,20,0,169,2,20,0,2856,115
336824,NA,City Midweek Div 2,2021 Spring,2021-12-06T06:34:35Z,Four Fox Ache,16726,Dusk Risers,19555,166,3,20,0,134,6,20,0,2856,115
316053,Final,Newport Autumn Sundays,2021 Autumn,2021-12-06T06:46:21Z,V8s,20205,Melbourne Dolphins,19542,160,2,20,0,161,6,18,2,3476,117
336823,NA,City Midweek Div 2,2021 Spring,2021-12-06T06:53:47Z,Viper heat,19394,The Nutty Cuckoo Super Kings,18132,139,6,18,0,143,1,16,2,2856,115
336822,NA,City Midweek Div 2,2021 Spring,2021-12-06T08:39:31Z,Brits Abroad,18363,We've got the Runs,18538,212,5,20,0,154,4,20,0,2856,115
335322,Semi Final 2,City Midweek Div 2,2021 Spring,2021-12-13T06:38:52Z,Rhodesian Warthogs,19443,The Nutty Cuckoo Super Kings,18132,185,7,20,0,186,3,18,3,2856,115
339742,Round 1,City Midweek Div 1,2022 Summer,2022-01-13T06:48:29Z,Major Paine,18659,The Nutty Cuckoo Super Kings,18132,135,5,20,0,136,2,18,1,1981,118
339746,Round 2,City Midweek Div 1,2022 Summer,2022-01-17T06:43:37Z,Melbourne Arrack,12941,Melbourne Dolphins,19542,165,7,20,0,153,8,15,1,1981,118
339747,Round 3,City Midweek Div 1,2022 Summer,2022-01-17T08:23:06Z,Melbourne Dolphins,19542,Brits Abroad,18363,152,6,20,0,120,8,14,4,1981,118
339745,Round 2,City Midweek Div 1,2022 Summer,2022-01-19T06:39:17Z,Brits Abroad,18363,The Nutty Cuckoo Super Kings,18132,168,8,20,0,155,4,20,0,1981,118
339744,Round 2,City Midweek Div 1,2022 Summer,2022-01-20T06:38:07Z,Major Paine,18659,Warthogs CC,19443,181,4,20,0,147,6,20,0,1981,118
339743,Round 1,City Midweek Div 1,2022 Summer,2022-01-24T06:41:38Z,Melbourne Dolphins,19542,Warthogs CC,19443,194,5,20,0,154,4,20,0,1981,118
339749,Round 3,City Midweek Div 1,2022 Summer,2022-02-02T06:44:06Z,Melbourne Arrack,12941,Major Paine,18659,150,6,20,0,156,4,17,3,1981,118
339748,Round 3,City Midweek Div 1,2022 Summer,2022-02-03T06:38:29Z,Warthogs CC,19443,The Nutty Cuckoo Super Kings,18132,196,4,20,0,182,4,20,0,1981,118
339752,Round 4,City Midweek Div 1,2022 Summer,2022-02-07T06:48:14Z,Major Paine,18659,Melbourne Dolphins,19542,166,4,20,0,97,8,16,4,1981,118
339751,Round 4,City Midweek Div 1,2022 Summer,2022-02-09T06:44:03Z,Brits Abroad,18363,Warthogs CC,19443,148,4,20,0,113,8,18,4,1981,118
339750,Round 4,City Midweek Div 1,2022 Summer,2022-02-10T06:45:04Z,The Nutty Cuckoo Super Kings,18132,Melbourne Arrack,12941,129,4,20,0,130,1,13,3,1981,118
339755,Round 5,City Midweek Div 1,2022 Summer,2022-02-14T06:49:18Z,Melbourne Dolphins,19542,The Nutty Cuckoo Super Kings,18132,182,5,20,0,156,5,20,0,1981,118
339753,Round 5,City Midweek Div 1,2022 Summer,2022-02-16T06:43:59Z,Major Paine,18659,Brits Abroad,18363,153,7,20,0,154,6,19,1,1981,118
339754,Round 5,City Midweek Div 1,2022 Summer,2022-02-16T06:44:42Z,Warthogs CC,19443,Melbourne Arrack,12941,181,2,20,0,101,8,14,1,1981,118
339757,Round 6,City Midweek Div 1,2022 Summer,2022-02-21T06:40:59Z,Melbourne Arrack,12941,Brits Abroad,18363,147,3,20,0,138,5,20,0,1981,118
339758,Round 6,City Midweek Div 1,2022 Summer,2022-02-23T06:47:07Z,Melbourne Dolphins,19542,Warthogs CC,19443,169,5,20,0,165,5,20,0,1981,118
339756,Round 6,City Midweek Div 1,2022 Summer,2022-02-24T06:44:58Z,The Nutty Cuckoo Super Kings,18132,Major Paine,18659,107,8,18,3,109,3,13,1,1981,118
339761,Round 7,City Midweek Div 1,2022 Summer,2022-02-28T06:43:13Z,Melbourne Arrack,12941,Melbourne Dolphins,19542,143,3,20,0,144,3,10,3,1981,118
339760,Round 7,City Midweek Div 1,2022 Summer,2022-03-02T06:51:02Z,Brits Abroad,18363,The Nutty Cuckoo Super Kings,18132,183,5,20,0,77,8,14,3,1981,118
344008,5th vs 6th Play Off,City Midweek Div 1,2022 Summer,2022-03-07T06:34:49Z,Warthogs CC,19443,The Nutty Cuckoo Super Kings,18132,167,6,20,0,100,8,18,2,1981,118
339772,Semi Final 2,City Midweek Div 1,2022 Summer,2022-03-09T06:23:28Z,Brits Abroad,18363,Major Paine,18659,170,5,20,0,160,2,20,0,1981,118
339771,Semi Final 1,City Midweek Div 1,2022 Summer,2022-03-09T06:31:49Z,Melbourne Arrack,12941,Melbourne Dolphins,19542,150,2,20,0,152,3,18,0,1981,118
370556,NA,City Thursdays,2022 Spring,2022-10-20T06:36:17Z,The Hunts,9013,Major Paine,18659,191,3,20,0,125,4,20,0,1398,119
370555,NA,City Thursdays,2022 Spring,2022-10-20T06:45:05Z,Kangaroos Strikers,22382,The Nutty Cuckoo Super Kings,18132,174,2,20,0,175,6,20,0,1398,119
370560,,City Thursdays,2022 Spring,2022-11-03T06:42:16Z,Major Paine,18659,Darkside,18398,184,3,20,0,177,5,20,0,1398,119
370562,,City Thursdays,2022 Spring,2022-11-03T06:44:17Z,Warthogs CC,19443,The Nutty Cuckoo Super Kings,18132,205,2,20,0,62,8,12,0,1398,119
370561,,City Thursdays,2022 Spring,2022-11-03T06:45:18Z,The Hunts,9013,Kangaroos Strikers,22382,166,7,20,0,169,3,18,0,1398,119
