$id,$type,BattingFirstTeamId,BowlingFirstTeamId,FirstInningsOvers,SecondInningsOvers,PitchCondition,Id,TimeStamp,BattingTeamId,BowlingTeamId,StrikerId,NonStrikerId,BowlerId,KeeperId,NewFielderId,NewBatsmanId,BatsmanId,NewKeeperId
49040995,live_scoring_core.events.outdoor_cricket.GameSetUp,16726,18132,20,20,3,88fb7e57-c323-4706-8833-e9548a509629,2021-02-18T06:53:18,NA,NA,NA,NA,NA,NA,NA,NA,NA,NA
389162969,live_scoring_core.events.outdoor_cricket.InningsStarted,NA,NA,NA,NA,NA,dd0dd4bc-712c-4e50-b839-e5a452ca1fa5,2021-02-18T06:53:33,16726,18132,148605,211954,239863,125735,NA,NA,NA,NA
294411106,live_scoring_core.events.outdoor_cricket.BallBowled,NA,NA,NA,NA,NA,b5730ac7-1756-49a9-88ea-0915261e7676,2021-02-18T06:53:34,NA,NA,NA,NA,NA,NA,NA,NA,NA,NA
934681074,live_scoring_core.events.outdoor_cricket.BallBowled,NA,NA,NA,NA,NA,575088dc-e043-47da-a6d6-fee18fece395,2021-02-18T06:53:35,NA,NA,NA,NA,NA,NA,NA,NA,NA,NA
131346151,live_scoring_core.events.outdoor_cricket.BallBowled,NA,NA,NA,NA,NA,4df32c2c-a610-48e9-abeb-cfbf02bc1283,2021-02-18T06:53:37,NA,NA,NA,NA,NA,NA,NA,NA,NA,NA
684296440,live_scoring_core.events.outdoor_cricket.BallBowled,NA,NA,NA,NA,NA,f16dc388-86d2-4163-a2ff-84278e7fd0be,2021-02-18T06:53:43,NA,NA,NA,NA,NA,NA,NA,NA,NA,NA
228790850,live_scoring_core.events.outdoor_cricket.BallBowled,NA,NA,NA,NA,NA,18f50175-443a-434b-9ea5-6859f2b7f0f3,2021-02-18T06:53:45,NA,NA,NA,NA,NA,NA,NA,NA,NA,NA
900177243,live_scoring_core.events.outdoor_cricket.BallBowled,NA,NA,NA,NA,NA,48c27578-5956-4d34-b95a-2d5989017b9f,2021-02-18T06:53:46,NA,NA,NA,NA,NA,NA,NA,NA,NA,NA
171096991,live_scoring_core.events.outdoor_cricket.NewOverStarted,NA,NA,NA,NA,NA,e8ca3cc4-8a6d-4ee9-9339-1eb9c246db13,2021-02-18T06:53:48,NA,NA,NA,NA,239860,NA,NA,NA,NA,NA
697866599,live_scoring_core.events.outdoor_cricket.BallBowled,NA,NA,NA,NA,NA,dadca742-2c86-48d9-90d5-2f3597aa304b,2021-02-18T06:53:50,NA,NA,NA,NA,NA,NA,NA,NA,NA,NA
547297000,live_scoring_core.events.outdoor_cricket.BallBowled,NA,NA,NA,NA,NA,ecf08d51-ae38-40ce-a4f2-ab244341ad54,2021-02-18T06:54:09,NA,NA,NA,NA,NA,NA,NA,NA,NA,NA
981073947,live_scoring_core.events.outdoor_cricket.BallBowled,NA,NA,NA,NA,NA,f9a0459e-f9eb-4a93-8fcd-d370263d84e6,2021-02-18T06:54:33,NA,NA,NA,NA,NA,NA,NA,NA,NA,NA
679574105,live_scoring_core.events.outdoor_cricket.BallBowled,NA,NA,NA,NA,NA,699cf933-1fd6-463d-99f2-aaa3244567f6,2021-02-18T06:54:59,NA,NA,NA,NA,NA,NA,NA,NA,NA,NA
997593831,live_scoring_core.events.outdoor_cricket.BallBowled,NA,NA,NA,NA,NA,a9272707-1930-4954-a2aa-7b7700a55310,2021-02-18T06:55:19,NA,NA,NA,NA,NA,NA,NA,NA,NA,NA
623251760,live_scoring_core.events.outdoor_cricket.BallBowled,NA,NA,NA,NA,NA,c5282d7c-2cd5-42e6-a50e-5d47d5c3555a,2021-02-18T06:55:39,NA,NA,NA,NA,NA,NA,NA,NA,NA,NA
837494184,live_scoring_core.events.outdoor_cricket.NewOverStarted,NA,NA,NA,NA,NA,a311f095-c3b3-4e9e-8ef2-56b56a7569a2,2021-02-18T06:55:56,NA,NA,NA,NA,239863,NA,NA,NA,NA,NA
472442140,live_scoring_core.events.outdoor_cricket.BallBowled,NA,NA,NA,NA,NA,4159673a-dfc8-4d13-92a0-8d3935d64b13,2021-02-18T06:56:10,NA,NA,NA,NA,NA,NA,NA,NA,NA,NA
114314650,live_scoring_core.events.outdoor_cricket.BallBowled,NA,NA,NA,NA,NA,76bd7549-c2c0-4a33-a516-6ba5b0d1ef93,2021-02-18T06:56:41,NA,NA,NA,NA,NA,NA,NA,NA,NA,NA
162471030,live_scoring_core.events.outdoor_cricket.BallBowled,NA,NA,NA,NA,NA,73062dca-9d43-422e-8616-a06a01fe38ab,2021-02-18T06:56:58,NA,NA,NA,NA,NA,NA,NA,NA,NA,NA
1054844439,live_scoring_core.events.outdoor_cricket.BallBowled,NA,NA,NA,NA,NA,7905b693-1f79-4a8a-8e1b-179cf80de9a1,2021-02-18T06:57:26,NA,NA,NA,NA,NA,NA,NA,NA,NA,NA
390541279,live_scoring_core.events.outdoor_cricket.BallBowled,NA,NA,NA,NA,NA,d48900ea-841d-4412-8544-8cd430fb3201,2021-02-18T06:57:50,NA,NA,NA,NA,NA,NA,NA,NA,NA,NA
12265390,live_scoring_core.events.outdoor_cricket.BallBowled,NA,NA,NA,NA,NA,f0824ed1-cddd-4a9a-9c41-c783c53172b1,2021-02-18T06:58:07,NA,NA,NA,NA,NA,NA,NA,NA,NA,NA
1032564195,live_scoring_core.events.outdoor_cricket.NewOverStarted,NA,NA,NA,NA,NA,94c1b76e-2163-4926-9c91-9ce3ff206d9d,2021-02-18T06:58:22,NA,NA,NA,NA,239860,NA,NA,NA,NA,NA
486232601,live_scoring_core.events.outdoor_cricket.BallBowled,NA,NA,NA,NA,NA,8168fd2e-6a2d-44fd-a47f-1dd241b31227,2021-02-18T06:58:44,NA,NA,NA,NA,NA,NA,NA,NA,NA,NA
40055132,live_scoring_core.events.outdoor_cricket.BallBowled,NA,NA,NA,NA,NA,1ea34a88-2bf6-43e0-977f-8aa7f5a4197e,2021-02-18T06:59:11,NA,NA,NA,NA,NA,NA,NA,NA,NA,NA
105774680,live_scoring_core.events.outdoor_cricket.BallBowled,NA,NA,NA,NA,NA,82acdef6-28ed-4c61-87cf-975eea8f0e9d,2021-02-18T06:59:36,NA,NA,NA,NA,NA,NA,NA,NA,NA,NA
562205617,live_scoring_core.events.outdoor_cricket.BallBowled,NA,NA,NA,NA,NA,21bcb055-778a-4d24-80d4-6233ef95bc0d,2021-02-18T07:00:01,NA,NA,NA,NA,NA,NA,NA,NA,NA,NA
968489338,live_scoring_core.events.outdoor_cricket.BallBowled,NA,NA,NA,NA,NA,be211f3c-765d-422f-bf2f-8a71b6726497,2021-02-18T07:00:34,NA,NA,NA,NA,NA,NA,NA,NA,NA,NA
729357375,live_scoring_core.events.outdoor_cricket.BallBowled,NA,NA,NA,NA,NA,3f0cfd41-595f-4308-aded-7ba6afa3f382,2021-02-18T07:01:05,NA,NA,NA,NA,NA,NA,NA,NA,NA,NA
380615652,live_scoring_core.events.outdoor_cricket.NewOverStarted,NA,NA,NA,NA,NA,fc5d0e47-ef82-4c47-aee4-c6d6b4318906,2021-02-18T07:01:30,NA,NA,NA,NA,239863,NA,NA,NA,NA,NA
768253304,live_scoring_core.events.outdoor_cricket.BallBowled,NA,NA,NA,NA,NA,ff623a2b-6e6e-482b-97a3-b8801513cc8c,2021-02-18T07:01:43,NA,NA,NA,NA,NA,NA,NA,NA,NA,NA
236199186,live_scoring_core.events.outdoor_cricket.BallBowled,NA,NA,NA,NA,NA,6b5efcc8-00ce-423e-918e-1ff1d393c313,2021-02-18T07:02:09,NA,NA,NA,NA,NA,NA,NA,NA,NA,NA
1034627264,live_scoring_core.events.outdoor_cricket.BallBowled,NA,NA,NA,NA,NA,79395dc8-4e8f-4739-b61e-70dc6876dc79,2021-02-18T07:02:37,NA,NA,NA,NA,NA,NA,NA,NA,NA,NA
486028506,live_scoring_core.events.outdoor_cricket.BallBowled,NA,NA,NA,NA,NA,80fe55af-62bb-48e6-980f-5f768512ea08,2021-02-18T07:02:59,NA,NA,NA,NA,NA,NA,NA,NA,NA,NA
555582479,live_scoring_core.events.outdoor_cricket.BallBowled,NA,NA,NA,NA,NA,507ff272-b7d5-4ac6-aff4-c0dc0302a838,2021-02-18T07:03:29,NA,NA,NA,NA,NA,NA,NA,NA,NA,NA
707092770,live_scoring_core.events.outdoor_cricket.NewOverStarted,NA,NA,NA,NA,NA,3f437664-37ac-4f34-9d25-e7af77895cd7,2021-02-18T07:03:40,NA,NA,NA,NA,198555,NA,NA,NA,NA,NA
275653864,live_scoring_core.events.outdoor_cricket.BallBowled,NA,NA,NA,NA,NA,fddb3c0b-3ca5-4fdf-9acf-f42073de6466,2021-02-18T07:04:20,NA,NA,NA,NA,NA,NA,NA,NA,NA,NA
649267999,live_scoring_core.events.outdoor_cricket.BallBowled,NA,NA,NA,NA,NA,7647d895-8e31-42ce-a057-aaf4031050b3,2021-02-18T07:04:43,NA,NA,NA,NA,NA,NA,NA,NA,NA,NA
647722456,live_scoring_core.events.outdoor_cricket.BallBowled,NA,NA,NA,NA,NA,e892dd81-2c72-4e8c-908e-861178ee132a,2021-02-18T07:05:06,NA,NA,NA,NA,NA,NA,NA,NA,NA,NA
641515286,live_scoring_core.events.outdoor_cricket.BallBowled,NA,NA,NA,NA,NA,784fbb98-5c0d-44f4-9392-3d0ff22eb0f6,2021-02-18T07:05:26,NA,NA,NA,NA,NA,NA,NA,NA,NA,NA
659576914,live_scoring_core.events.outdoor_cricket.BallBowled,NA,NA,NA,NA,NA,d8e5ec43-b332-4d27-a473-4bf60bae4130,2021-02-18T07:05:52,NA,NA,NA,NA,NA,NA,NA,NA,NA,NA
336155646,live_scoring_core.events.outdoor_cricket.BallBowled,NA,NA,NA,NA,NA,66a03007-1f4b-4511-8b21-b1a69192e464,2021-02-18T07:06:14,NA,NA,NA,NA,NA,NA,NA,NA,NA,NA
395709043,live_scoring_core.events.outdoor_cricket.NewOverStarted,NA,NA,NA,NA,NA,b529ed2e-c2f2-4ba6-b11e-8f73fb52be32,2021-02-18T07:06:24,NA,NA,NA,NA,242570,NA,NA,NA,NA,NA
579059139,live_scoring_core.events.outdoor_cricket.BallBowled,NA,NA,NA,NA,NA,bd9f0c3a-0566-4f2f-b966-7eceda18db19,2021-02-18T07:06:57,NA,NA,NA,NA,NA,NA,NA,NA,NA,NA
483717175,live_scoring_core.events.outdoor_cricket.BallBowled,NA,NA,NA,NA,NA,c7d1d458-96a7-44b8-b263-3371980c54b2,2021-02-18T07:07:15,NA,NA,NA,NA,NA,NA,NA,NA,NA,NA
1064778894,live_scoring_core.events.outdoor_cricket.BallBowled,NA,NA,NA,NA,NA,3bda0c8a-2e7a-4adb-a51a-ad3da1ef924f,2021-02-18T07:07:38,NA,NA,NA,NA,NA,NA,NA,NA,NA,NA
802435369,live_scoring_core.events.outdoor_cricket.BallBowled,NA,NA,NA,NA,NA,68118b95-9dd2-4df5-ba2f-2314c92dffc0,2021-02-18T07:08:02,NA,NA,NA,NA,NA,NA,NA,NA,NA,NA
73855647,live_scoring_core.events.outdoor_cricket.BallBowled,NA,NA,NA,NA,NA,d2df5984-b467-4d1f-afe2-9a734187f919,2021-02-18T07:08:30,NA,NA,NA,NA,NA,NA,NA,NA,NA,NA
109543605,live_scoring_core.events.outdoor_cricket.BallBowled,NA,NA,NA,NA,NA,1f6454a6-6d80-4d2d-a8fe-2138d50ec4d4,2021-02-18T07:09:01,NA,NA,NA,NA,NA,NA,NA,NA,NA,NA
127464081,live_scoring_core.events.outdoor_cricket.NewOverStarted,NA,NA,NA,NA,NA,0b3227ba-36d6-40db-a1ea-851716ff1a6d,2021-02-18T07:09:09,NA,NA,NA,NA,198555,NA,NA,NA,NA,NA
1014506146,live_scoring_core.events.outdoor_cricket.BallBowled,NA,NA,NA,NA,NA,2f3321ad-323d-4eb7-8577-7372a28e2795,2021-02-18T07:09:43,NA,NA,NA,NA,NA,NA,NA,NA,NA,NA
803033197,live_scoring_core.events.outdoor_cricket.BallBowled,NA,NA,NA,NA,NA,980523d5-377a-4f7b-80ad-09b2e3444aee,2021-02-18T07:10:05,NA,NA,NA,NA,NA,NA,NA,NA,NA,NA
295496387,live_scoring_core.events.outdoor_cricket.BallBowled,NA,NA,NA,NA,NA,66a4327e-d28f-4825-9542-d42946e299d2,2021-02-18T07:10:23,NA,NA,NA,NA,NA,NA,NA,NA,NA,NA
704627839,live_scoring_core.events.outdoor_cricket.FielderChanged,NA,NA,NA,NA,NA,7e4b9c8d-8da4-43a9-8f82-8ddc28eb5ee4,2021-02-18T07:10:49,NA,NA,NA,NA,NA,NA,239863,NA,NA,NA
547438179,live_scoring_core.events.outdoor_cricket.BallBowled,NA,NA,NA,NA,NA,12dbca13-245a-4a43-a3dc-88a152bee77d,2021-02-18T07:10:49,NA,NA,NA,NA,NA,NA,NA,NA,NA,NA
380089294,live_scoring_core.events.outdoor_cricket.NewBatsmanSelected,NA,NA,NA,NA,NA,216982fd-d156-4409-a6b6-3bf16f64d335,2021-02-18T07:10:57,NA,NA,NA,NA,NA,NA,NA,211993,NA,NA
200973937,live_scoring_core.events.outdoor_cricket.BallBowled,NA,NA,NA,NA,NA,fadb2b25-cf08-4a71-9283-ac49f42cc530,2021-02-18T07:11:41,NA,NA,NA,NA,NA,NA,NA,NA,NA,NA
475471473,live_scoring_core.events.outdoor_cricket.BallBowled,NA,NA,NA,NA,NA,7bb77de3-eaaf-4660-9056-019ea5c82249,2021-02-18T07:12:04,NA,NA,NA,NA,NA,NA,NA,NA,NA,NA
352091902,live_scoring_core.events.outdoor_cricket.NewOverStarted,NA,NA,NA,NA,NA,0cb05550-3c75-46b1-9ee5-c24777ca5b39,2021-02-18T07:12:19,NA,NA,NA,NA,242570,NA,NA,NA,NA,NA
16715700,live_scoring_core.events.outdoor_cricket.BallBowled,NA,NA,NA,NA,NA,92a2aac6-1003-4f09-874f-e513770b1683,2021-02-18T07:13:09,NA,NA,NA,NA,NA,NA,NA,NA,NA,NA
491901019,live_scoring_core.events.outdoor_cricket.BallBowled,NA,NA,NA,NA,NA,60f6c1a9-02f9-425c-8a02-8f110fb60f57,2021-02-18T07:13:33,NA,NA,NA,NA,NA,NA,NA,NA,NA,NA
685199065,live_scoring_core.events.outdoor_cricket.BallBowled,NA,NA,NA,NA,NA,cf69c93d-8235-4295-8ac6-df409bd1b7c6,2021-02-18T07:14:12,NA,NA,NA,NA,NA,NA,NA,NA,NA,NA
1040981284,live_scoring_core.events.outdoor_cricket.BallBowled,NA,NA,NA,NA,NA,0fee2a7d-0048-455f-bf4e-93ebc667558c,2021-02-18T07:14:38,NA,NA,NA,NA,NA,NA,NA,NA,NA,NA
1050911339,live_scoring_core.events.outdoor_cricket.BallBowled,NA,NA,NA,NA,NA,6b53a3f7-b620-4c96-a801-c153f93408e8,2021-02-18T07:15:10,NA,NA,NA,NA,NA,NA,NA,NA,NA,NA
735719146,live_scoring_core.events.outdoor_cricket.BallBowled,NA,NA,NA,NA,NA,bb1e39f3-8863-4cb9-a048-276405fc7f66,2021-02-18T07:15:25,NA,NA,NA,NA,NA,NA,NA,NA,NA,NA
516790632,live_scoring_core.events.outdoor_cricket.NewOverStarted,NA,NA,NA,NA,NA,f2cba058-87ee-4c96-ac06-ea452ef8677b,2021-02-18T07:15:47,NA,NA,NA,NA,239861,NA,NA,NA,NA,NA
665528435,live_scoring_core.events.outdoor_cricket.BallBowled,NA,NA,NA,NA,NA,4a31067a-73fb-4633-98bb-43874aeb790e,2021-02-18T07:16:06,NA,NA,NA,NA,NA,NA,NA,NA,NA,NA
40517414,live_scoring_core.events.outdoor_cricket.BallBowled,NA,NA,NA,NA,NA,b7d731b8-234d-40ea-9886-657f3351ad10,2021-02-18T07:16:25,NA,NA,NA,NA,NA,NA,NA,NA,NA,NA
714095307,live_scoring_core.events.outdoor_cricket.BallBowled,NA,NA,NA,NA,NA,5e190ab6-18e9-4648-b296-0443af977b3f,2021-02-18T07:16:44,NA,NA,NA,NA,NA,NA,NA,NA,NA,NA
574806927,live_scoring_core.events.outdoor_cricket.BallBowled,NA,NA,NA,NA,NA,f6824b81-9f3f-491d-be42-1a27971fec4c,2021-02-18T07:17:06,NA,NA,NA,NA,NA,NA,NA,NA,NA,NA
145529446,live_scoring_core.events.outdoor_cricket.BallBowled,NA,NA,NA,NA,NA,35221e1d-a86d-4e8d-8da6-e19473a1a2e2,2021-02-18T07:17:22,NA,NA,NA,NA,NA,NA,NA,NA,NA,NA
196070295,live_scoring_core.events.outdoor_cricket.BallBowled,NA,NA,NA,NA,NA,8c691eb6-f271-4a56-b1c2-f40b9759519d,2021-02-18T07:17:55,NA,NA,NA,NA,NA,NA,NA,NA,NA,NA
184712858,live_scoring_core.events.outdoor_cricket.NewOverStarted,NA,NA,NA,NA,NA,ebb03190-1014-45f2-b469-401d29091f1d,2021-02-18T07:18:18,NA,NA,NA,NA,243716,NA,NA,NA,NA,NA
245324407,live_scoring_core.events.outdoor_cricket.BallBowled,NA,NA,NA,NA,NA,ab900957-72a5-41a4-874d-bc0e091cc111,2021-02-18T07:18:44,NA,NA,NA,NA,NA,NA,NA,NA,NA,NA
157062050,live_scoring_core.events.outdoor_cricket.BallBowled,NA,NA,NA,NA,NA,7d22a2bd-9e55-45be-9577-a91e663b6f2f,2021-02-18T07:19:13,NA,NA,NA,NA,NA,NA,NA,NA,NA,NA
523806763,live_scoring_core.events.outdoor_cricket.BallBowled,NA,NA,NA,NA,NA,d82ba45d-0998-4a44-96a1-9b3c4cd1a4f4,2021-02-18T07:19:34,NA,NA,NA,NA,NA,NA,NA,NA,NA,NA
946476145,live_scoring_core.events.outdoor_cricket.BallBowled,NA,NA,NA,NA,NA,41e3f23f-fd83-46e3-a960-1eae0dc462cf,2021-02-18T07:20:01,NA,NA,NA,NA,NA,NA,NA,NA,NA,NA
778364242,live_scoring_core.events.outdoor_cricket.BallBowled,NA,NA,NA,NA,NA,712657c9-79bc-4ef3-b06e-a66bce1d82eb,2021-02-18T07:20:33,NA,NA,NA,NA,NA,NA,NA,NA,NA,NA
257303596,live_scoring_core.events.outdoor_cricket.BallBowled,NA,NA,NA,NA,NA,3561c65c-d6ef-49a7-9b03-62e01c0d578a,2021-02-18T07:20:56,NA,NA,NA,NA,NA,NA,NA,NA,NA,NA
611394596,live_scoring_core.events.outdoor_cricket.NewOverStarted,NA,NA,NA,NA,NA,6c2dfabc-37ac-4005-989f-4b124e285f22,2021-02-18T07:21:10,NA,NA,NA,NA,239861,NA,NA,NA,NA,NA
684635440,live_scoring_core.events.outdoor_cricket.BallBowled,NA,NA,NA,NA,NA,2a79e328-785e-493b-87fa-a7565240edef,2021-02-18T07:21:34,NA,NA,NA,NA,NA,NA,NA,NA,NA,NA
1046504489,live_scoring_core.events.outdoor_cricket.BallBowled,NA,NA,NA,NA,NA,03f31dc7-2832-416f-b467-875cc8390849,2021-02-18T07:22:02,NA,NA,NA,NA,NA,NA,NA,NA,NA,NA
949038196,live_scoring_core.events.outdoor_cricket.BallBowled,NA,NA,NA,NA,NA,45d0336f-bb70-47d0-8256-faea6b6ae3bd,2021-02-18T07:22:21,NA,NA,NA,NA,NA,NA,NA,NA,NA,NA
394230666,live_scoring_core.events.outdoor_cricket.BallBowled,NA,NA,NA,NA,NA,67927878-65d5-41ae-922c-baa0695e6ae7,2021-02-18T07:22:50,NA,NA,NA,NA,NA,NA,NA,NA,NA,NA
225163735,live_scoring_core.events.outdoor_cricket.BatsmanRetired,NA,NA,NA,NA,NA,85665465-8038-4188-965d-3c86bde7a962,2021-02-18T07:22:56,NA,NA,NA,NA,NA,NA,NA,NA,211954,NA
53273579,live_scoring_core.events.outdoor_cricket.NewBatsmanSelected,NA,NA,NA,NA,NA,34747bc9-0c7e-415a-9129-1551641cbeef,2021-02-18T07:22:58,NA,NA,NA,NA,NA,NA,NA,188342,NA,NA
601640879,live_scoring_core.events.outdoor_cricket.FielderChanged,NA,NA,NA,NA,NA,fa1599c0-84e2-468f-9a28-77d038c9c5a3,2021-02-18T07:23:39,NA,NA,NA,NA,NA,NA,239863,NA,NA,NA
597347852,live_scoring_core.events.outdoor_cricket.BallBowled,NA,NA,NA,NA,NA,5c8eba08-92ca-4cb7-8456-af8cc10ca72b,2021-02-18T07:23:39,NA,NA,NA,NA,NA,NA,NA,NA,NA,NA
846230957,live_scoring_core.events.outdoor_cricket.NewBatsmanSelected,NA,NA,NA,NA,NA,90eb2599-9089-443d-975e-135c32b299d5,2021-02-18T07:23:43,NA,NA,NA,NA,NA,NA,NA,83193,NA,NA
351965116,live_scoring_core.events.outdoor_cricket.NewOverStarted,NA,NA,NA,NA,NA,abb21ed8-d177-4888-83bf-dfac90f8829a,2021-02-18T07:23:52,NA,NA,NA,NA,243716,NA,NA,NA,NA,NA
242855095,live_scoring_core.events.outdoor_cricket.BallBowled,NA,NA,NA,NA,NA,5e13399a-ab7d-453e-a16a-3626e10973bf,2021-02-18T07:24:25,NA,NA,NA,NA,NA,NA,NA,NA,NA,NA
933558933,live_scoring_core.events.outdoor_cricket.BallBowled,NA,NA,NA,NA,NA,fe6ca897-5ac7-45e4-af4b-03ccb8518634,2021-02-18T07:24:42,NA,NA,NA,NA,NA,NA,NA,NA,NA,NA
944721018,live_scoring_core.events.outdoor_cricket.BallBowled,NA,NA,NA,NA,NA,ecb60be1-3d27-4bad-aff9-70ddc9942207,2021-02-18T07:25:09,NA,NA,NA,NA,NA,NA,NA,NA,NA,NA
756217048,live_scoring_core.events.outdoor_cricket.BallBowled,NA,NA,NA,NA,NA,6c8ca454-fe0b-474b-9e65-67aff427de64,2021-02-18T07:25:37,NA,NA,NA,NA,NA,NA,NA,NA,NA,NA
592955377,live_scoring_core.events.outdoor_cricket.BallBowled,NA,NA,NA,NA,NA,dad015c7-a6b9-4dfe-a592-cca71022990b,2021-02-18T07:26:00,NA,NA,NA,NA,NA,NA,NA,NA,NA,NA
931446073,live_scoring_core.events.outdoor_cricket.NewOverStarted,NA,NA,NA,NA,NA,0cb0d9a7-1226-40fc-910a-344d28ba6db5,2021-02-18T07:26:11,NA,NA,NA,NA,239861,NA,NA,NA,NA,NA
791211464,live_scoring_core.events.outdoor_cricket.BallBowled,NA,NA,NA,NA,NA,3d40ac54-e6a1-4d1f-9e21-2dada47852c2,2021-02-18T07:26:45,NA,NA,NA,NA,NA,NA,NA,NA,NA,NA
206069706,live_scoring_core.events.outdoor_cricket.BallBowled,NA,NA,NA,NA,NA,8869d612-bfc7-4f51-82e5-be02d955bcd6,2021-02-18T07:27:07,NA,NA,NA,NA,NA,NA,NA,NA,NA,NA
792188951,live_scoring_core.events.outdoor_cricket.BallBowled,NA,NA,NA,NA,NA,793aa6f0-e310-49dd-a4f5-1bb11af7e766,2021-02-18T07:27:29,NA,NA,NA,NA,NA,NA,NA,NA,NA,NA
371115782,live_scoring_core.events.outdoor_cricket.BallBowled,NA,NA,NA,NA,NA,8500161b-f076-41fd-b958-c71b1aa21887,2021-02-18T07:28:13,NA,NA,NA,NA,NA,NA,NA,NA,NA,NA
587748741,live_scoring_core.events.outdoor_cricket.BallBowled,NA,NA,NA,NA,NA,f382a7c1-983c-41e5-bf6c-369aa45576a6,2021-02-18T07:28:42,NA,NA,NA,NA,NA,NA,NA,NA,NA,NA
10960196,live_scoring_core.events.outdoor_cricket.NewOverStarted,NA,NA,NA,NA,NA,399ca725-dc9f-4f32-b194-17301f1ca289,2021-02-18T07:29:11,NA,NA,NA,NA,243716,NA,NA,NA,NA,NA
762696708,live_scoring_core.events.outdoor_cricket.BallBowled,NA,NA,NA,NA,NA,34ebebde-0d8e-4b17-9284-64ae7d5d5170,2021-02-18T07:29:33,NA,NA,NA,NA,NA,NA,NA,NA,NA,NA
259628001,live_scoring_core.events.outdoor_cricket.BallBowled,NA,NA,NA,NA,NA,b69c5e8b-bab3-48ef-9a06-eeb6283b5ca4,2021-02-18T07:30:02,NA,NA,NA,NA,NA,NA,NA,NA,NA,NA
803872336,live_scoring_core.events.outdoor_cricket.BallBowled,NA,NA,NA,NA,NA,2f10813c-ab80-41c3-ab85-51c88ae54602,2021-02-18T07:30:26,NA,NA,NA,NA,NA,NA,NA,NA,NA,NA
110993398,live_scoring_core.events.outdoor_cricket.BallBowled,NA,NA,NA,NA,NA,7d2ce71e-bc3a-4c47-9717-176ab67bcb7e,2021-02-18T07:30:50,NA,NA,NA,NA,NA,NA,NA,NA,NA,NA
40610507,live_scoring_core.events.outdoor_cricket.BallBowled,NA,NA,NA,NA,NA,6516ffc9-e3a0-4f3c-82e7-3cd655b03186,2021-02-18T07:31:53,NA,NA,NA,NA,NA,NA,NA,NA,NA,NA
222540316,live_scoring_core.events.outdoor_cricket.NewOverStarted,NA,NA,NA,NA,NA,294c41e3-98ab-4e76-a229-a6b2d7e5f511,2021-02-18T07:32:37,NA,NA,NA,NA,198555,NA,NA,NA,NA,NA
598652093,live_scoring_core.events.outdoor_cricket.BallBowled,NA,NA,NA,NA,NA,75ade453-3b00-45a0-a762-1402b88c613a,2021-02-18T07:33:11,NA,NA,NA,NA,NA,NA,NA,NA,NA,NA
81997941,live_scoring_core.events.outdoor_cricket.BallBowled,NA,NA,NA,NA,NA,79172007-6cb4-405b-a25f-dac453472131,2021-02-18T07:33:35,NA,NA,NA,NA,NA,NA,NA,NA,NA,NA
531160711,live_scoring_core.events.outdoor_cricket.BallBowled,NA,NA,NA,NA,NA,a97dcbe1-3730-4f09-a4df-1e8cbf625020,2021-02-18T07:34:01,NA,NA,NA,NA,NA,NA,NA,NA,NA,NA
841210375,live_scoring_core.events.outdoor_cricket.BallBowled,NA,NA,NA,NA,NA,76f88c9b-210e-43f5-80e2-aa7e73345bd3,2021-02-18T07:34:26,NA,NA,NA,NA,NA,NA,NA,NA,NA,NA
953717155,live_scoring_core.events.outdoor_cricket.BallBowled,NA,NA,NA,NA,NA,34989529-80c5-4a19-b89b-7b4cec2a3662,2021-02-18T07:34:57,NA,NA,NA,NA,NA,NA,NA,NA,NA,NA
861171392,live_scoring_core.events.outdoor_cricket.NewOverStarted,NA,NA,NA,NA,NA,79d3a6a5-5583-4d75-a45d-9c8cf80c7d6e,2021-02-18T07:35:08,NA,NA,NA,NA,260826,NA,NA,NA,NA,NA
435402818,live_scoring_core.events.outdoor_cricket.BallBowled,NA,NA,NA,NA,NA,0488115d-8705-4be4-9bba-706ef5155a67,2021-02-18T07:35:42,NA,NA,NA,NA,NA,NA,NA,NA,NA,NA
948550432,live_scoring_core.events.outdoor_cricket.BallBowled,NA,NA,NA,NA,NA,4de75eb5-902f-4879-85e7-d41dd523636c,2021-02-18T07:36:05,NA,NA,NA,NA,NA,NA,NA,NA,NA,NA
125303411,live_scoring_core.events.outdoor_cricket.BallBowled,NA,NA,NA,NA,NA,5c93768c-3a23-4be7-b130-1b9b3b9fe75d,2021-02-18T07:36:21,NA,NA,NA,NA,NA,NA,NA,NA,NA,NA
1071967413,live_scoring_core.events.outdoor_cricket.BallBowled,NA,NA,NA,NA,NA,0b048461-bdc9-496f-b36c-b502b3546a76,2021-02-18T07:36:41,NA,NA,NA,NA,NA,NA,NA,NA,NA,NA
685403790,live_scoring_core.events.outdoor_cricket.FielderChanged,NA,NA,NA,NA,NA,15ea415f-a2d5-4423-b5bd-738fac576db9,2021-02-18T07:37:09,NA,NA,NA,NA,NA,NA,242570,NA,NA,NA
398051051,live_scoring_core.events.outdoor_cricket.BallBowled,NA,NA,NA,NA,NA,20e1ea01-6828-45ef-b8e2-0f5f3e400b62,2021-02-18T07:37:09,NA,NA,NA,NA,NA,NA,NA,NA,NA,NA
201947739,live_scoring_core.events.outdoor_cricket.NewBatsmanSelected,NA,NA,NA,NA,NA,54e33031-9872-473c-8145-33031be6962b,2021-02-18T07:37:18,NA,NA,NA,NA,NA,NA,NA,261405,NA,NA
1044215998,live_scoring_core.events.outdoor_cricket.BallBowled,NA,NA,NA,NA,NA,19935ac1-b1c7-4251-ac5a-5bfad284904c,2021-02-18T07:37:48,NA,NA,NA,NA,NA,NA,NA,NA,NA,NA
819835898,live_scoring_core.events.outdoor_cricket.NewOverStarted,NA,NA,NA,NA,NA,ffe92244-1adf-4ac3-bba7-6016eca7f0c6,2021-02-18T07:38:04,NA,NA,NA,NA,242570,NA,NA,NA,NA,NA
811239516,live_scoring_core.events.outdoor_cricket.BallBowled,NA,NA,NA,NA,NA,bd9281d2-0ce6-44e7-bb2b-a2e2b5efe079,2021-02-18T07:38:40,NA,NA,NA,NA,NA,NA,NA,NA,NA,NA
55867084,live_scoring_core.events.outdoor_cricket.BallBowled,NA,NA,NA,NA,NA,9e6c8a9e-fdae-415b-b852-d2ec9129d376,2021-02-18T07:39:03,NA,NA,NA,NA,NA,NA,NA,NA,NA,NA
310049225,live_scoring_core.events.outdoor_cricket.BallBowled,NA,NA,NA,NA,NA,790e3315-fdcf-4728-94e5-80b0968f2689,2021-02-18T07:39:28,NA,NA,NA,NA,NA,NA,NA,NA,NA,NA
911131889,live_scoring_core.events.outdoor_cricket.BallBowled,NA,NA,NA,NA,NA,52211512-35d2-481b-b518-da9e6d01fc9f,2021-02-18T07:40:01,NA,NA,NA,NA,NA,NA,NA,NA,NA,NA
537919582,live_scoring_core.events.outdoor_cricket.BallBowled,NA,NA,NA,NA,NA,9e509790-4e71-4daa-8ceb-1cab48595e21,2021-02-18T07:40:20,NA,NA,NA,NA,NA,NA,NA,NA,NA,NA
1066795892,live_scoring_core.events.outdoor_cricket.BallBowled,NA,NA,NA,NA,NA,e64e454f-7a80-4660-ac6f-259ea3b94afa,2021-02-18T07:40:58,NA,NA,NA,NA,NA,NA,NA,NA,NA,NA
474943042,live_scoring_core.events.outdoor_cricket.NewOverStarted,NA,NA,NA,NA,NA,3970b76d-ca60-4aae-be6e-849b4a713abb,2021-02-18T07:41:13,NA,NA,NA,NA,260826,NA,NA,NA,NA,NA
221770175,live_scoring_core.events.outdoor_cricket.BallBowled,NA,NA,NA,NA,NA,34a97285-f9b8-41ee-bd23-95127e0f60a1,2021-02-18T07:41:43,NA,NA,NA,NA,NA,NA,NA,NA,NA,NA
881043060,live_scoring_core.events.outdoor_cricket.BallBowled,NA,NA,NA,NA,NA,726bb9fd-2e4b-4c1f-be02-409a1a6564e5,2021-02-18T07:41:57,NA,NA,NA,NA,NA,NA,NA,NA,NA,NA
905381647,live_scoring_core.events.outdoor_cricket.BallBowled,NA,NA,NA,NA,NA,91ccfd4d-ca14-48a9-a3db-932dc635399f,2021-02-18T07:42:26,NA,NA,NA,NA,NA,NA,NA,NA,NA,NA
771383637,live_scoring_core.events.outdoor_cricket.BallBowled,NA,NA,NA,NA,NA,64f22c00-1b86-4762-b0d5-0a91c3f56d1c,2021-02-18T07:42:46,NA,NA,NA,NA,NA,NA,NA,NA,NA,NA
939305862,live_scoring_core.events.outdoor_cricket.BallBowled,NA,NA,NA,NA,NA,d1c4d03a-879d-4ae4-a9c4-8379783df3d0,2021-02-18T07:43:31,NA,NA,NA,NA,NA,NA,NA,NA,NA,NA
340505314,live_scoring_core.events.outdoor_cricket.BatsmanRetired,NA,NA,NA,NA,NA,532de700-4bb2-4539-8a5c-9020b822f27c,2021-02-18T07:43:35,NA,NA,NA,NA,NA,NA,NA,NA,83193,NA
3521357,live_scoring_core.events.outdoor_cricket.NewBatsmanSelected,NA,NA,NA,NA,NA,15b25d55-2a73-48b8-a951-325cba368d42,2021-02-18T07:43:37,NA,NA,NA,NA,NA,NA,NA,211967,NA,NA
852800773,live_scoring_core.events.outdoor_cricket.BallBowled,NA,NA,NA,NA,NA,89508521-7031-42df-be7a-e378b36a975a,2021-02-18T07:44:08,NA,NA,NA,NA,NA,NA,NA,NA,NA,NA
559626994,live_scoring_core.events.outdoor_cricket.NewOverStarted,NA,NA,NA,NA,NA,485680a1-33bf-44ca-8fcb-0661dd136841,2021-02-18T07:44:22,NA,NA,NA,NA,239863,NA,NA,NA,NA,NA
115950094,live_scoring_core.events.outdoor_cricket.BallBowled,NA,NA,NA,NA,NA,c61c22b6-3773-4552-9980-090e46aede1f,2021-02-18T07:44:54,NA,NA,NA,NA,NA,NA,NA,NA,NA,NA
327701483,live_scoring_core.events.outdoor_cricket.BallBowled,NA,NA,NA,NA,NA,45d18edd-2a97-4bba-80c3-1f78d075c557,2021-02-18T07:45:19,NA,NA,NA,NA,NA,NA,NA,NA,NA,NA
355496749,live_scoring_core.events.outdoor_cricket.BallBowled,NA,NA,NA,NA,NA,e7e04c77-4f1a-4468-969d-e3f1becb96b3,2021-02-18T07:45:41,NA,NA,NA,NA,NA,NA,NA,NA,NA,NA
962783684,live_scoring_core.events.outdoor_cricket.BallBowled,NA,NA,NA,NA,NA,807474dd-ca63-4a27-b6f5-8f545b6ea053,2021-02-18T07:46:12,NA,NA,NA,NA,NA,NA,NA,NA,NA,NA
264457784,live_scoring_core.events.outdoor_cricket.BallBowled,NA,NA,NA,NA,NA,d239ab29-eb5c-4ac6-98ec-97b6a9dd94a6,2021-02-18T07:46:35,NA,NA,NA,NA,NA,NA,NA,NA,NA,NA
182469527,live_scoring_core.events.outdoor_cricket.InningsFinished,NA,NA,NA,NA,NA,cf34a03f-050b-47d8-a23d-cac99be23e75,2021-02-18T07:48:33,NA,NA,NA,NA,NA,NA,NA,NA,NA,NA
349003530,live_scoring_core.events.outdoor_cricket.InningsStarted,NA,NA,NA,NA,NA,502c6e76-dc35-4c78-87f5-433bb96dc2cd,2021-02-18T07:51:32,18132,16726,125735,239860,178387,148605,NA,NA,NA,NA
167440567,live_scoring_core.events.outdoor_cricket.BallBowled,NA,NA,NA,NA,NA,469d2d65-1afd-4a48-87f6-fc6c598b5016,2021-02-18T07:52:00,NA,NA,NA,NA,NA,NA,NA,NA,NA,NA
361294289,live_scoring_core.events.outdoor_cricket.BallBowled,NA,NA,NA,NA,NA,119ef142-08c8-4101-ac9a-edc58aa860c7,2021-02-18T07:52:25,NA,NA,NA,NA,NA,NA,NA,NA,NA,NA
139733890,live_scoring_core.events.outdoor_cricket.BallBowled,NA,NA,NA,NA,NA,eb25b212-6547-4246-b54c-6a2a2a7df415,2021-02-18T07:52:52,NA,NA,NA,NA,NA,NA,NA,NA,NA,NA
561365111,live_scoring_core.events.outdoor_cricket.FielderChanged,NA,NA,NA,NA,NA,bda6a378-9505-4ade-969d-2bc6f1d0d70b,2021-02-18T07:53:50,NA,NA,NA,NA,NA,NA,148605,NA,NA,NA
961601342,live_scoring_core.events.outdoor_cricket.BallBowled,NA,NA,NA,NA,NA,a2eb19ea-9268-4c3f-b064-dca74e2264b5,2021-02-18T07:53:50,NA,NA,NA,NA,NA,NA,NA,NA,NA,NA
994272500,live_scoring_core.events.outdoor_cricket.NewBatsmanSelected,NA,NA,NA,NA,NA,5eb65f35-9b1b-417c-8430-1f77fdfd26df,2021-02-18T07:53:52,NA,NA,NA,NA,NA,NA,NA,239861,NA,NA
895788637,live_scoring_core.events.outdoor_cricket.BallBowled,NA,NA,NA,NA,NA,4376a7cb-b257-4a31-8ce6-b1f358879474,2021-02-18T07:54:02,NA,NA,NA,NA,NA,NA,NA,NA,NA,NA
539250301,live_scoring_core.events.outdoor_cricket.BallBowled,NA,NA,NA,NA,NA,103bc0e5-c6bc-497c-82b0-97687bf58888,2021-02-18T07:54:28,NA,NA,NA,NA,NA,NA,NA,NA,NA,NA
339385361,live_scoring_core.events.outdoor_cricket.NewOverStarted,NA,NA,NA,NA,NA,f2c95e83-ad66-4d8e-9d31-3d13df00d26c,2021-02-18T07:54:44,NA,NA,NA,NA,211967,NA,NA,NA,NA,NA
231222014,live_scoring_core.events.outdoor_cricket.BallBowled,NA,NA,NA,NA,NA,e7fd0338-a82b-4269-beed-dd33d229c0a7,2021-02-18T07:55:11,NA,NA,NA,NA,NA,NA,NA,NA,NA,NA
815613372,live_scoring_core.events.outdoor_cricket.BallBowled,NA,NA,NA,NA,NA,989a7b0b-bf01-481d-a447-9265abbcb969,2021-02-18T07:55:35,NA,NA,NA,NA,NA,NA,NA,NA,NA,NA
91710999,live_scoring_core.events.outdoor_cricket.BallBowled,NA,NA,NA,NA,NA,3f5dfd60-f41c-4d14-9a41-6b12d1a62a7f,2021-02-18T07:55:58,NA,NA,NA,NA,NA,NA,NA,NA,NA,NA
997872348,live_scoring_core.events.outdoor_cricket.BallBowled,NA,NA,NA,NA,NA,c4e85d02-a52a-40c6-85e6-c9db86ea843d,2021-02-18T07:56:22,NA,NA,NA,NA,NA,NA,NA,NA,NA,NA
601700218,live_scoring_core.events.outdoor_cricket.BallBowled,NA,NA,NA,NA,NA,d91e6bc2-00f7-4c58-9411-33ef6517e414,2021-02-18T07:56:57,NA,NA,NA,NA,NA,NA,NA,NA,NA,NA
885278837,live_scoring_core.events.outdoor_cricket.NewOverStarted,NA,NA,NA,NA,NA,82adc4ef-e810-45e3-ace7-5c3afe471863,2021-02-18T07:57:55,NA,NA,NA,NA,211993,NA,NA,NA,NA,NA
494767485,live_scoring_core.events.outdoor_cricket.BallBowled,NA,NA,NA,NA,NA,4b536db0-0c4b-41a5-8f8d-1052849c0a56,2021-02-18T07:57:57,NA,NA,NA,NA,NA,NA,NA,NA,NA,NA
346571215,live_scoring_core.events.outdoor_cricket.BallBowled,NA,NA,NA,NA,NA,bfeaaaf8-ce21-401d-bc00-5086e576cefd,2021-02-18T07:58:15,NA,NA,NA,NA,NA,NA,NA,NA,NA,NA
556888608,live_scoring_core.events.outdoor_cricket.BallBowled,NA,NA,NA,NA,NA,680a33b1-3a12-4f4d-9b91-4afd200b9e56,2021-02-18T07:58:38,NA,NA,NA,NA,NA,NA,NA,NA,NA,NA
690748580,live_scoring_core.events.outdoor_cricket.BallBowled,NA,NA,NA,NA,NA,14da925d-b58d-41b8-8701-c17cf0249935,2021-02-18T07:59:06,NA,NA,NA,NA,NA,NA,NA,NA,NA,NA
260377833,live_scoring_core.events.outdoor_cricket.BallBowled,NA,NA,NA,NA,NA,6cf90bb8-8024-4ad6-98b0-385f7c19a9c8,2021-02-18T07:59:24,NA,NA,NA,NA,NA,NA,NA,NA,NA,NA
705799172,live_scoring_core.events.outdoor_cricket.BallBowled,NA,NA,NA,NA,NA,40cde13c-3780-44d1-8d0d-5cb025709e60,2021-02-18T07:59:55,NA,NA,NA,NA,NA,NA,NA,NA,NA,NA
153112453,live_scoring_core.events.outdoor_cricket.NewOverStarted,NA,NA,NA,NA,NA,f923a3c3-8f63-4736-8be2-817360a39705,2021-02-18T08:00:02,NA,NA,NA,NA,178387,NA,NA,NA,NA,NA
356471987,live_scoring_core.events.outdoor_cricket.BallBowled,NA,NA,NA,NA,NA,80e51be7-8715-4653-b964-ce8b974c387c,2021-02-18T08:00:36,NA,NA,NA,NA,NA,NA,NA,NA,NA,NA
961682892,live_scoring_core.events.outdoor_cricket.BallBowled,NA,NA,NA,NA,NA,1c7f9df2-7ed3-4aac-ac3f-49585d9fff6b,2021-02-18T08:00:57,NA,NA,NA,NA,NA,NA,NA,NA,NA,NA
580590423,live_scoring_core.events.outdoor_cricket.BallBowled,NA,NA,NA,NA,NA,090f66fd-7df7-4c7d-aa9e-ddf98c2dd20e,2021-02-18T08:01:21,NA,NA,NA,NA,NA,NA,NA,NA,NA,NA
679429844,live_scoring_core.events.outdoor_cricket.BallBowled,NA,NA,NA,NA,NA,0b3c3139-05a5-4975-847b-7c8718748e82,2021-02-18T08:01:49,NA,NA,NA,NA,NA,NA,NA,NA,NA,NA
714522333,live_scoring_core.events.outdoor_cricket.BallBowled,NA,NA,NA,NA,NA,634c0cf7-f87c-431d-b70d-38bbc933a209,2021-02-18T08:02:20,NA,NA,NA,NA,NA,NA,NA,NA,NA,NA
111705576,live_scoring_core.events.outdoor_cricket.NewOverStarted,NA,NA,NA,NA,NA,a3d02e9e-5466-4e0c-8b57-ffc875f16580,2021-02-18T08:02:29,NA,NA,NA,NA,211967,NA,NA,NA,NA,NA
482926736,live_scoring_core.events.outdoor_cricket.BallBowled,NA,NA,NA,NA,NA,ca7bc775-6d3f-4dcd-868b-277545ae4060,2021-02-18T08:02:58,NA,NA,NA,NA,NA,NA,NA,NA,NA,NA
112155093,live_scoring_core.events.outdoor_cricket.BallBowled,NA,NA,NA,NA,NA,50b03245-4577-445b-b151-94ef9eb45635,2021-02-18T08:03:15,NA,NA,NA,NA,NA,NA,NA,NA,NA,NA
427298739,live_scoring_core.events.outdoor_cricket.BallBowled,NA,NA,NA,NA,NA,665b1e26-5b32-4b6e-b4a3-d8b5d4761a21,2021-02-18T08:03:36,NA,NA,NA,NA,NA,NA,NA,NA,NA,NA
84067019,live_scoring_core.events.outdoor_cricket.BallBowled,NA,NA,NA,NA,NA,e836c6cf-d56b-466f-917b-c03bf21306d8,2021-02-18T08:04:03,NA,NA,NA,NA,NA,NA,NA,NA,NA,NA
721716014,live_scoring_core.events.outdoor_cricket.BallBowled,NA,NA,NA,NA,NA,34271d8c-3937-47ed-b5db-3b9f9555f44c,2021-02-18T08:04:26,NA,NA,NA,NA,NA,NA,NA,NA,NA,NA
942082019,live_scoring_core.events.outdoor_cricket.BallBowled,NA,NA,NA,NA,NA,51a1c3b8-49b9-4697-9e1f-dbd8fc39c03b,2021-02-18T08:04:50,NA,NA,NA,NA,NA,NA,NA,NA,NA,NA
1423011,live_scoring_core.events.outdoor_cricket.NewOverStarted,NA,NA,NA,NA,NA,34b39a65-1e1f-4296-8fb3-907525384455,2021-02-18T08:05:06,NA,NA,NA,NA,211993,NA,NA,NA,NA,NA
697230677,live_scoring_core.events.outdoor_cricket.FielderChanged,NA,NA,NA,NA,NA,2eace0bc-7496-47a7-b2ec-0380467a6f12,2021-02-18T08:05:30,NA,NA,NA,NA,NA,NA,148605,NA,NA,NA
528263427,live_scoring_core.events.outdoor_cricket.BallBowled,NA,NA,NA,NA,NA,6e8272e0-95fd-418c-9ede-08e2d224f68e,2021-02-18T08:05:30,NA,NA,NA,NA,NA,NA,NA,NA,NA,NA
517855413,live_scoring_core.events.outdoor_cricket.NewBatsmanSelected,NA,NA,NA,NA,NA,0fcfba8b-1218-43af-8cc7-d59a0e84ddde,2021-02-18T08:05:36,NA,NA,NA,NA,NA,NA,NA,242570,NA,NA
20769084,live_scoring_core.events.outdoor_cricket.BallBowled,NA,NA,NA,NA,NA,870e116a-2e30-4d91-92a2-f5eb3fc9b7b3,2021-02-18T08:06:22,NA,NA,NA,NA,NA,NA,NA,NA,NA,NA
151701635,live_scoring_core.events.outdoor_cricket.BallBowled,NA,NA,NA,NA,NA,59d63e87-a797-4c5e-b1e1-77bfaecae2b0,2021-02-18T08:06:40,NA,NA,NA,NA,NA,NA,NA,NA,NA,NA
243277096,live_scoring_core.events.outdoor_cricket.BallBowled,NA,NA,NA,NA,NA,540a82f8-90b1-4adb-b11e-2df1922bc7c9,2021-02-18T08:07:03,NA,NA,NA,NA,NA,NA,NA,NA,NA,NA
530368904,live_scoring_core.events.outdoor_cricket.BallBowled,NA,NA,NA,NA,NA,44769f91-8ed2-4cc9-8d75-7cb5ca180b93,2021-02-18T08:07:30,NA,NA,NA,NA,NA,NA,NA,NA,NA,NA
510948852,live_scoring_core.events.outdoor_cricket.BallBowled,NA,NA,NA,NA,NA,c3f71622-1867-4cb4-98e1-9336a02c5f25,2021-02-18T08:08:00,NA,NA,NA,NA,NA,NA,NA,NA,NA,NA
53304448,live_scoring_core.events.outdoor_cricket.NewOverStarted,NA,NA,NA,NA,NA,31a4a4e8-c5b1-4224-8eb1-e0ffc32f98e6,2021-02-18T08:08:22,NA,NA,NA,NA,211954,NA,NA,NA,NA,NA
874823416,live_scoring_core.events.outdoor_cricket.BallBowled,NA,NA,NA,NA,NA,16dbbd8b-42c7-4603-935f-6beaf91aa687,2021-02-18T08:09:00,NA,NA,NA,NA,NA,NA,NA,NA,NA,NA
653272333,live_scoring_core.events.outdoor_cricket.BallBowled,NA,NA,NA,NA,NA,545cab03-200a-41ca-9d7d-b987173c9a26,2021-02-18T08:09:15,NA,NA,NA,NA,NA,NA,NA,NA,NA,NA
461068763,live_scoring_core.events.outdoor_cricket.BallBowled,NA,NA,NA,NA,NA,cd32fc89-e3fc-4f3a-8804-dd525e6e4c88,2021-02-18T08:09:35,NA,NA,NA,NA,NA,NA,NA,NA,NA,NA
974946819,live_scoring_core.events.outdoor_cricket.BallBowled,NA,NA,NA,NA,NA,dd3a5129-c64e-435d-a6b5-f0db189468e0,2021-02-18T08:10:04,NA,NA,NA,NA,NA,NA,NA,NA,NA,NA
718912407,live_scoring_core.events.outdoor_cricket.BallBowled,NA,NA,NA,NA,NA,627220ad-3456-4c0b-80bb-496c83247f74,2021-02-18T08:10:31,NA,NA,NA,NA,NA,NA,NA,NA,NA,NA
177238444,live_scoring_core.events.outdoor_cricket.NewOverStarted,NA,NA,NA,NA,NA,89f8468c-c51a-4559-b646-4e8988dde88c,2021-02-18T08:10:52,NA,NA,NA,NA,261405,NA,NA,NA,NA,NA
108104226,live_scoring_core.events.outdoor_cricket.BallBowled,NA,NA,NA,NA,NA,459589a5-d4ca-4fed-89f4-baeb3352298d,2021-02-18T08:11:20,NA,NA,NA,NA,NA,NA,NA,NA,NA,NA
119413486,live_scoring_core.events.outdoor_cricket.BallBowled,NA,NA,NA,NA,NA,da2caf46-129f-47a2-8b2a-97c8f94c05d6,2021-02-18T08:11:42,NA,NA,NA,NA,NA,NA,NA,NA,NA,NA
737600376,live_scoring_core.events.outdoor_cricket.BallBowled,NA,NA,NA,NA,NA,864fea36-1707-40e7-8bbe-126b07f4b0f6,2021-02-18T08:12:08,NA,NA,NA,NA,NA,NA,NA,NA,NA,NA
253890755,live_scoring_core.events.outdoor_cricket.NewBatsmanSelected,NA,NA,NA,NA,NA,536d2a42-d3fe-4dad-84a8-a496166fa0d1,2021-02-18T08:12:10,NA,NA,NA,NA,NA,NA,NA,239863,NA,NA
866347591,live_scoring_core.events.outdoor_cricket.BallBowled,NA,NA,NA,NA,NA,dd1b155a-479d-42c6-be1a-1f7ca7bba05d,2021-02-18T08:13:24,NA,NA,NA,NA,NA,NA,NA,NA,NA,NA
208257865,live_scoring_core.events.outdoor_cricket.BallBowled,NA,NA,NA,NA,NA,386ed2e2-1012-46e5-9d92-a022b73db535,2021-02-18T08:13:47,NA,NA,NA,NA,NA,NA,NA,NA,NA,NA
153291418,live_scoring_core.events.outdoor_cricket.NewOverStarted,NA,NA,NA,NA,NA,777685d4-73ad-42cd-b9f5-94e2deab4191,2021-02-18T08:14:01,NA,NA,NA,NA,188342,NA,NA,NA,NA,NA
259039420,live_scoring_core.events.outdoor_cricket.BallBowled,NA,NA,NA,NA,NA,ef89aa22-70a8-42d1-99bf-b4c95a6ee255,2021-02-18T08:14:29,NA,NA,NA,NA,NA,NA,NA,NA,NA,NA
442764558,live_scoring_core.events.outdoor_cricket.BallBowled,NA,NA,NA,NA,NA,f9f1f6e5-89e5-42d1-83a1-3cee63633ffb,2021-02-18T08:14:40,NA,NA,NA,NA,NA,NA,NA,NA,NA,NA
93337092,live_scoring_core.events.outdoor_cricket.BallBowled,NA,NA,NA,NA,NA,8f082a38-93ce-4e10-aa78-b48464d2d6c7,2021-02-18T08:14:57,NA,NA,NA,NA,NA,NA,NA,NA,NA,NA
1032262664,live_scoring_core.events.outdoor_cricket.BallBowled,NA,NA,NA,NA,NA,0f94ac6f-5eb8-4f63-a413-eaec7995e035,2021-02-18T08:15:42,NA,NA,NA,NA,NA,NA,NA,NA,NA,NA
484617166,live_scoring_core.events.outdoor_cricket.BallBowled,NA,NA,NA,NA,NA,766df437-6c5a-4274-a2da-b608d6f93abb,2021-02-18T08:16:17,NA,NA,NA,NA,NA,NA,NA,NA,NA,NA
624408990,live_scoring_core.events.outdoor_cricket.BallBowled,NA,NA,NA,NA,NA,a8306400-fac8-408c-be7e-02dafb1524e9,2021-02-18T08:16:38,NA,NA,NA,NA,NA,NA,NA,NA,NA,NA
563179134,live_scoring_core.events.outdoor_cricket.NewOverStarted,NA,NA,NA,NA,NA,4981a30a-6a98-4bba-9509-65cac8cfaa27,2021-02-18T08:16:51,NA,NA,NA,NA,211954,NA,NA,NA,NA,NA
863188157,live_scoring_core.events.outdoor_cricket.BallBowled,NA,NA,NA,NA,NA,0e595289-c2ab-47ff-92f6-7ad6b2e2d3b4,2021-02-18T08:17:14,NA,NA,NA,NA,NA,NA,NA,NA,NA,NA
339348658,live_scoring_core.events.outdoor_cricket.BallBowled,NA,NA,NA,NA,NA,f291a46d-5fcc-4508-a52c-0122bfe9de2b,2021-02-18T08:17:41,NA,NA,NA,NA,NA,NA,NA,NA,NA,NA
35372561,live_scoring_core.events.outdoor_cricket.BallBowled,NA,NA,NA,NA,NA,7cdcdba0-6d70-416c-9034-9673039746e3,2021-02-18T08:17:58,NA,NA,NA,NA,NA,NA,NA,NA,NA,NA
764337958,live_scoring_core.events.outdoor_cricket.BallBowled,NA,NA,NA,NA,NA,49b6ec40-a803-4fd3-8e20-a680ff139869,2021-02-18T08:18:25,NA,NA,NA,NA,NA,NA,NA,NA,NA,NA
687832015,live_scoring_core.events.outdoor_cricket.BallBowled,NA,NA,NA,NA,NA,6196088a-80b4-4a25-b462-aeedc4d3de87,2021-02-18T08:18:46,NA,NA,NA,NA,NA,NA,NA,NA,NA,NA
35075464,live_scoring_core.events.outdoor_cricket.NewOverStarted,NA,NA,NA,NA,NA,0c1dba3d-94c8-4cf2-a05f-e63dd1f6085c,2021-02-18T08:19:04,NA,NA,NA,NA,261405,NA,NA,NA,NA,NA
799324817,live_scoring_core.events.outdoor_cricket.BallBowled,NA,NA,NA,NA,NA,720e6064-8047-47c7-bd01-86fe2ffbc077,2021-02-18T08:19:28,NA,NA,NA,NA,NA,NA,NA,NA,NA,NA
2828139,live_scoring_core.events.outdoor_cricket.KeeperChanged,NA,NA,NA,NA,NA,4a09137f-f177-4e67-9aca-eea4559f2c47,2021-02-18T08:19:31,NA,NA,NA,NA,NA,NA,NA,NA,NA,211954
291798998,live_scoring_core.events.outdoor_cricket.BallBowled,NA,NA,NA,NA,NA,705b39c5-d9fc-4a8d-a2ae-6460160433d8,2021-02-18T08:20:05,NA,NA,NA,NA,NA,NA,NA,NA,NA,NA
642227872,live_scoring_core.events.outdoor_cricket.FielderChanged,NA,NA,NA,NA,NA,0d10cc54-a1ae-4691-9feb-d726d852f3e3,2021-02-18T08:20:42,NA,NA,NA,NA,NA,NA,211993,NA,NA,NA
371092230,live_scoring_core.events.outdoor_cricket.BallBowled,NA,NA,NA,NA,NA,9da5d8ed-65e1-42a4-a850-ceec47b6aedb,2021-02-18T08:20:42,NA,NA,NA,NA,NA,NA,NA,NA,NA,NA
1001116485,live_scoring_core.events.outdoor_cricket.NewBatsmanSelected,NA,NA,NA,NA,NA,2e540d5b-26e7-47b6-bf8d-863de34dcdf1,2021-02-18T08:20:52,NA,NA,NA,NA,NA,NA,NA,260826,NA,NA
707953130,live_scoring_core.events.outdoor_cricket.BallBowled,NA,NA,NA,NA,NA,cffaa6ae-6725-404f-811e-e218f1586af3,2021-02-18T08:21:19,NA,NA,NA,NA,NA,NA,NA,NA,NA,NA
683528110,live_scoring_core.events.outdoor_cricket.BallBowled,NA,NA,NA,NA,NA,ee473fa3-38ff-404d-afab-a91197a30506,2021-02-18T08:21:39,NA,NA,NA,NA,NA,NA,NA,NA,NA,NA
170992186,live_scoring_core.events.outdoor_cricket.NewOverStarted,NA,NA,NA,NA,NA,7a43ab56-dda3-47bb-84f3-d66eae15e0e2,2021-02-18T08:21:48,NA,NA,NA,NA,188342,NA,NA,NA,NA,NA
348210090,live_scoring_core.events.outdoor_cricket.BallBowled,NA,NA,NA,NA,NA,41a0bb97-f87a-4fe1-9b1c-a2a8462864fb,2021-02-18T08:22:25,NA,NA,NA,NA,NA,NA,NA,NA,NA,NA
824757709,live_scoring_core.events.outdoor_cricket.BallBowled,NA,NA,NA,NA,NA,766a0aa1-9fdf-4671-85b7-9706bc7e7145,2021-02-18T08:22:49,NA,NA,NA,NA,NA,NA,NA,NA,NA,NA
217834176,live_scoring_core.events.outdoor_cricket.BallBowled,NA,NA,NA,NA,NA,0a985ddd-82f2-4e44-8a34-92dbcc15f28d,2021-02-18T08:23:23,NA,NA,NA,NA,NA,NA,NA,NA,NA,NA
3181173,live_scoring_core.events.outdoor_cricket.BallBowled,NA,NA,NA,NA,NA,d56dc99f-5fcb-4e35-9d45-a07d30525a5f,2021-02-18T08:23:45,NA,NA,NA,NA,NA,NA,NA,NA,NA,NA
845963956,live_scoring_core.events.outdoor_cricket.BallBowled,NA,NA,NA,NA,NA,2a853f8a-e1f3-4637-9e2c-1292bd2e8243,2021-02-18T08:24:11,NA,NA,NA,NA,NA,NA,NA,NA,NA,NA
300368440,live_scoring_core.events.outdoor_cricket.BallBowled,NA,NA,NA,NA,NA,c1c85f57-24e7-4c30-bb21-f46acc7d4b85,2021-02-18T08:24:28,NA,NA,NA,NA,NA,NA,NA,NA,NA,NA
764734717,live_scoring_core.events.outdoor_cricket.NewOverStarted,NA,NA,NA,NA,NA,325d9ce5-e2de-464f-b6be-ce9a5c72d4de,2021-02-18T08:24:43,NA,NA,NA,NA,148605,NA,NA,NA,NA,NA
31390310,live_scoring_core.events.outdoor_cricket.BallBowled,NA,NA,NA,NA,NA,4e13f9b2-1ca9-4c0d-a02b-34c169a626c4,2021-02-18T08:25:27,NA,NA,NA,NA,NA,NA,NA,NA,NA,NA
355488427,live_scoring_core.events.outdoor_cricket.BallBowled,NA,NA,NA,NA,NA,f832245b-f491-4509-b7f4-74309d45a40d,2021-02-18T08:25:42,NA,NA,NA,NA,NA,NA,NA,NA,NA,NA
170419235,live_scoring_core.events.outdoor_cricket.BallBowled,NA,NA,NA,NA,NA,f5c95a89-d1b4-4eed-bd52-6f871487d90a,2021-02-18T08:26:08,NA,NA,NA,NA,NA,NA,NA,NA,NA,NA
437254145,live_scoring_core.events.outdoor_cricket.BallBowled,NA,NA,NA,NA,NA,17634153-26f4-4ef2-9813-4fd4df2e6721,2021-02-18T08:27:11,NA,NA,NA,NA,NA,NA,NA,NA,NA,NA
960755060,live_scoring_core.events.outdoor_cricket.NewBatsmanSelected,NA,NA,NA,NA,NA,06377f3b-ccf8-4076-87bd-5c0ff0235838,2021-02-18T08:27:16,NA,NA,NA,NA,NA,NA,NA,243716,NA,NA
694142123,live_scoring_core.events.outdoor_cricket.BallBowled,NA,NA,NA,NA,NA,f21d60f3-210a-433e-844e-d2c05a2ed58e,2021-02-18T08:28:09,NA,NA,NA,NA,NA,NA,NA,NA,NA,NA
760207567,live_scoring_core.events.outdoor_cricket.NewOverStarted,NA,NA,NA,NA,NA,58442480-53f3-42a8-9f70-5a76735a3ffa,2021-02-18T08:28:26,NA,NA,NA,NA,83193,NA,NA,NA,NA,NA
889622967,live_scoring_core.events.outdoor_cricket.BallBowled,NA,NA,NA,NA,NA,07c051dd-3051-4c1e-a6dd-ba349d3a252e,2021-02-18T08:28:54,NA,NA,NA,NA,NA,NA,NA,NA,NA,NA
88097070,live_scoring_core.events.outdoor_cricket.BallBowled,NA,NA,NA,NA,NA,41fae499-6c9e-4650-aa38-e5d5bb637ba4,2021-02-18T08:29:13,NA,NA,NA,NA,NA,NA,NA,NA,NA,NA
721687665,live_scoring_core.events.outdoor_cricket.BallBowled,NA,NA,NA,NA,NA,20ccac68-c724-4a75-92d6-09fd0745371d,2021-02-18T08:29:43,NA,NA,NA,NA,NA,NA,NA,NA,NA,NA
849135828,live_scoring_core.events.outdoor_cricket.BallBowled,NA,NA,NA,NA,NA,f1e67ec0-0ed3-4d21-ac81-885a94c0cd0c,2021-02-18T08:30:23,NA,NA,NA,NA,NA,NA,NA,NA,NA,NA
389348862,live_scoring_core.events.outdoor_cricket.BallBowled,NA,NA,NA,NA,NA,6daa4d6c-0fae-4646-a854-8eb726bd0f68,2021-02-18T08:30:37,NA,NA,NA,NA,NA,NA,NA,NA,NA,NA
70667242,live_scoring_core.events.outdoor_cricket.BallBowled,NA,NA,NA,NA,NA,1fc4ae89-519d-4631-a47e-c5d7e749c808,2021-02-18T08:31:00,NA,NA,NA,NA,NA,NA,NA,NA,NA,NA
854819240,live_scoring_core.events.outdoor_cricket.NewOverStarted,NA,NA,NA,NA,NA,0cc7f115-7451-4e08-b9d6-3cb22b928d16,2021-02-18T08:31:17,NA,NA,NA,NA,148605,NA,NA,NA,NA,NA
825211012,live_scoring_core.events.outdoor_cricket.FielderChanged,NA,NA,NA,NA,NA,549e65a8-a5dd-4766-8289-8fa4a2de885c,2021-02-18T08:31:46,NA,NA,NA,NA,NA,NA,188342,NA,NA,NA
139690132,live_scoring_core.events.outdoor_cricket.BallBowled,NA,NA,NA,NA,NA,ae4ef81a-26f0-4368-b658-bd53a8670cd7,2021-02-18T08:31:46,NA,NA,NA,NA,NA,NA,NA,NA,NA,NA
28778041,live_scoring_core.events.outdoor_cricket.NewBatsmanSelected,NA,NA,NA,NA,NA,fe182584-cf44-469d-a08e-f2f245f6b7dd,2021-02-18T08:31:47,NA,NA,NA,NA,NA,NA,NA,198555,NA,NA
417146176,live_scoring_core.events.outdoor_cricket.BallBowled,NA,NA,NA,NA,NA,4141be40-0751-4509-8b1d-88f8bd76e222,2021-02-18T08:32:16,NA,NA,NA,NA,NA,NA,NA,NA,NA,NA
257291859,live_scoring_core.events.outdoor_cricket.BallBowled,NA,NA,NA,NA,NA,0d01e338-aa13-4afa-b6bb-05234bee8d15,2021-02-18T08:32:34,NA,NA,NA,NA,NA,NA,NA,NA,NA,NA
356125166,live_scoring_core.events.outdoor_cricket.BallBowled,NA,NA,NA,NA,NA,39423e4d-e067-44ee-8cbb-576e6254bc1f,2021-02-18T08:32:56,NA,NA,NA,NA,NA,NA,NA,NA,NA,NA
850815097,live_scoring_core.events.outdoor_cricket.BallBowled,NA,NA,NA,NA,NA,8e2a4706-79a0-4f85-8d74-e1c663270883,2021-02-18T08:33:13,NA,NA,NA,NA,NA,NA,NA,NA,NA,NA
81494328,live_scoring_core.events.outdoor_cricket.BallBowled,NA,NA,NA,NA,NA,2ce35156-bfd9-445a-9fa5-298d5b130c12,2021-02-18T08:33:31,NA,NA,NA,NA,NA,NA,NA,NA,NA,NA
551287010,live_scoring_core.events.outdoor_cricket.NewOverStarted,NA,NA,NA,NA,NA,568c1dbb-94d9-4046-966c-e3bc9dcaab86,2021-02-18T08:34:00,NA,NA,NA,NA,83193,NA,NA,NA,NA,NA
1021737259,live_scoring_core.events.outdoor_cricket.BallBowled,NA,NA,NA,NA,NA,300c8d46-3754-440b-b101-6e2c0137d2c4,2021-02-18T08:34:20,NA,NA,NA,NA,NA,NA,NA,NA,NA,NA
316692829,live_scoring_core.events.outdoor_cricket.BallBowled,NA,NA,NA,NA,NA,2f5f3c38-225d-4d6e-95f6-1cae5e69bd2d,2021-02-18T08:34:42,NA,NA,NA,NA,NA,NA,NA,NA,NA,NA
1039852825,live_scoring_core.events.outdoor_cricket.BallBowled,NA,NA,NA,NA,NA,642a66c2-2eb7-4608-90a2-570212c99b60,2021-02-18T08:35:01,NA,NA,NA,NA,NA,NA,NA,NA,NA,NA
997907270,live_scoring_core.events.outdoor_cricket.BallBowled,NA,NA,NA,NA,NA,0296d7ba-fb50-4d1c-a846-e45fc25049c4,2021-02-18T08:35:23,NA,NA,NA,NA,NA,NA,NA,NA,NA,NA
944061448,live_scoring_core.events.outdoor_cricket.BallBowled,NA,NA,NA,NA,NA,52e2dad3-3a19-47b1-96d2-65b352fbc65f,2021-02-18T08:35:46,NA,NA,NA,NA,NA,NA,NA,NA,NA,NA
523201582,live_scoring_core.events.outdoor_cricket.NewOverStarted,NA,NA,NA,NA,NA,77304048-1ca3-4ddf-a571-6c3da38beca3,2021-02-18T08:36:07,NA,NA,NA,NA,211993,NA,NA,NA,NA,NA
49438190,live_scoring_core.events.outdoor_cricket.BallBowled,NA,NA,NA,NA,NA,4ab953c2-cbfb-4b1d-8395-cb26edb28c1f,2021-02-18T08:36:47,NA,NA,NA,NA,NA,NA,NA,NA,NA,NA
955329543,live_scoring_core.events.outdoor_cricket.BallBowled,NA,NA,NA,NA,NA,68f4cd73-9bfe-4b3c-8dc9-bf57424639a3,2021-02-18T08:37:11,NA,NA,NA,NA,NA,NA,NA,NA,NA,NA
453270284,live_scoring_core.events.outdoor_cricket.BallBowled,NA,NA,NA,NA,NA,40244fee-b66b-4a8c-bccf-727ef82fa214,2021-02-18T08:37:32,NA,NA,NA,NA,NA,NA,NA,NA,NA,NA
432961886,live_scoring_core.events.outdoor_cricket.BallBowled,NA,NA,NA,NA,NA,6f9652e4-536e-4161-bfa4-1eafb81c1076,2021-02-18T08:37:55,NA,NA,NA,NA,NA,NA,NA,NA,NA,NA
832296749,live_scoring_core.events.outdoor_cricket.BatsmanRetired,NA,NA,NA,NA,NA,e7b3c078-35e2-4c2b-9e5a-d4853c4f077e,2021-02-18T08:38:03,NA,NA,NA,NA,NA,NA,NA,NA,239863,NA
586762663,live_scoring_core.events.outdoor_cricket.NewBatsmanSelected,NA,NA,NA,NA,NA,1760d3ee-a71e-4048-9177-6f11fb45dac6,2021-02-18T08:38:08,NA,NA,NA,NA,NA,NA,NA,239863,NA,NA
476660300,live_scoring_core.events.outdoor_cricket.BallBowled,NA,NA,NA,NA,NA,f7fc18d3-5702-4d1d-b84e-f4c5f57450ce,2021-02-18T08:38:28,NA,NA,NA,NA,NA,NA,NA,NA,NA,NA
1038369337,live_scoring_core.events.outdoor_cricket.BallBowled,NA,NA,NA,NA,NA,acaa3094-bfc6-4d0a-9c31-6d3ac51506de,2021-02-18T08:38:58,NA,NA,NA,NA,NA,NA,NA,NA,NA,NA
1058516671,live_scoring_core.events.outdoor_cricket.StrikeChanged,NA,NA,NA,NA,NA,97284b26-aeb0-41cd-9857-1cacbab6b906,2021-02-18T08:38:59,NA,NA,NA,NA,NA,NA,NA,NA,NA,NA
622256609,live_scoring_core.events.outdoor_cricket.NewOverStarted,NA,NA,NA,NA,NA,2d28dde0-056c-4cb7-a6dc-d2c04af0060d,2021-02-18T08:39:58,NA,NA,NA,NA,261405,NA,NA,NA,NA,NA
554902847,live_scoring_core.events.outdoor_cricket.BallBowled,NA,NA,NA,NA,NA,de0fa49a-8b78-452f-99ba-4171958f4dfe,2021-02-18T08:40:00,NA,NA,NA,NA,NA,NA,NA,NA,NA,NA
818706521,live_scoring_core.events.outdoor_cricket.BallBowled,NA,NA,NA,NA,NA,6fec8e06-cd5d-4603-9fac-a827de4675bc,2021-02-18T08:40:21,NA,NA,NA,NA,NA,NA,NA,NA,NA,NA
827016324,live_scoring_core.events.outdoor_cricket.BallBowled,NA,NA,NA,NA,NA,9bfd7ad7-c9ae-4744-8f5d-c9aae5ac5dc9,2021-02-18T08:40:40,NA,NA,NA,NA,NA,NA,NA,NA,NA,NA
677293003,live_scoring_core.events.outdoor_cricket.BallBowled,NA,NA,NA,NA,NA,56aac3e6-5144-4ca0-a207-c02f9ac645e7,2021-02-18T08:41:08,NA,NA,NA,NA,NA,NA,NA,NA,NA,NA
626761412,live_scoring_core.events.outdoor_cricket.BallBowled,NA,NA,NA,NA,NA,94734783-b004-4ca5-9b02-195fb9d61713,2021-02-18T08:41:30,NA,NA,NA,NA,NA,NA,NA,NA,NA,NA
691838934,live_scoring_core.events.outdoor_cricket.StrikeChanged,NA,NA,NA,NA,NA,96ef8892-dc32-4a7c-b677-f0159da8c127,2021-02-18T08:41:31,NA,NA,NA,NA,NA,NA,NA,NA,NA,NA
798656616,live_scoring_core.events.outdoor_cricket.GameBonusPointsAwarded,NA,NA,NA,NA,NA,f810c89b-acde-48de-9f4e-59b71992c943,2021-02-18T08:41:39,NA,NA,NA,NA,NA,NA,NA,NA,NA,NA
493431286,live_scoring_core.events.FixtureFinished,NA,NA,NA,NA,NA,534857ff-95f6-432f-a75a-3c18f58fc822,2021-02-18T08:41:40,NA,NA,NA,NA,NA,NA,NA,NA,NA,NA
